cluster,id,lat,lon,area_km2,q99_mm_d,q99_std,q95_mm_d,q95_std,q90_mm_d,q90_std,q10_mm_d,q10_std,q5_mm_d,q5_std,q1_mm_d,q1_std,qmean_mm_yr,qmean_std
6,2298123,27.052,-81.78453,540.65,3.732963333,0.707036667,1.69889,0.368886667,1.340373333,0.28963,0.005556667,0.184443333,0.00889,0.166296667,0.00259,0.155556667,142.4537033,4.208516667
6,2297310,27.19949,-81.98842,528.38,3.641483333,0.522963333,1.636666667,0.30222,1.296666667,0.245926667,0.02185,0.134073333,0.03148,0.13074,0.021113333,0.11704,158.20963,3.14037
6,2298608,27.34366,-82.15676,312.34,4.02833,0.505,1.82,0.295555,1.397775,0.251665,0.02889,0.122225,0.03889,0.120555,0.02556,0.110555,180.55,3.06389
6,2296500,27.37504,-81.79647,886.4,4.405778,0.434002,1.66111,0.29822,1.015776,0.215554,0.016886,0.123334,0.020002,0.109998,0.012446,0.100446,156.445334,2.52622
6,2299950,27.47365,-82.2112,174.27,2.85444,0.58889,1.39333,0.32222,1.29889,0.27556,0.05111,0.13667,0.05556,0.14556,0.03889,0.10889,161.28555,3.14556
5,8194200,27.96501,-98.96697,1220.58,0.933968571,0.355557143,0.082065714,0.273017143,0.018731429,0.158252857,0,0.104921429,0.000634286,0.080952857,0,0.08111,21.34333286,1.83254
5,8189500,28.29195,-97.27916,1808.29,3.646769091,0.403129091,0.405655455,0.199596364,0.199899091,0.141514545,0.000706364,0.081514545,0.000100909,0.071515455,0.000403636,0.079495455,71.77767727,1.703434545
6,8176900,28.86165,-97.22638,925.44,3.864816667,0.260926667,0.549445,0.162406667,0.250925,0.116853333,0.00037,0.065743333,0,0.04852,0.000185,0.063333333,90.29981333,1.384441667
7,2235200,28.87453,-81.48938,297.7,4.68222,0.29889,2.08889,0.20222,1.42,0.15333,0.09444,0.09222,0.06556,0.11,0.03222,0.08,243.41889,2.04111
6,8164000,28.95998,-96.68637,2124,6.855983077,0.265811538,1.22889,0.174188462,0.53829,0.123333077,0.005641538,0.068632308,0.001024615,0.066838462,0.000341538,0.064871538,145.8888892,1.467691538
5,8175000,29.21525,-97.44943,1421.66,4.413457778,0.239505556,0.687901111,0.15852,0.262593333,0.105062222,0,0.079752222,0.000493333,0.05605,0.00148,0.066172222,94.91333222,1.656172222
5,8202700,29.37079,-99.28782,434.75,1.7977775,0.271945,0.4672225,0.1558375,0.26472,0.1191675,0.001945,0.0652775,0,0.05972,0.000555,0.052225,66.0136125,1.3725
5,8190000,29.42857,-99.99729,1961.43,1.213846154,0.224614615,0.381366923,0.130769231,0.224957692,0.102050769,0.00641,0.065383846,0.003163077,0.061452308,0.001537692,0.049656154,57.75504308,1.363419231
5,8164300,29.46691,-96.81276,861.54,8.552778333,0.22389,1.734445,0.149076667,0.724816667,0.106296667,0.001665,0.056853333,0.000925,0.053518333,0,0.059073333,179.6409267,1.324813333
5,8190500,29.47273,-100.23646,1799.09,0.461413636,0.246364545,0.204041818,0.127475455,0.122019091,0.111413636,0.007475455,0.082121818,0.003434545,0.05616,0.002828182,0.04889,40.60868636,1.429090909
5,8195000,29.48857,-99.70478,1028.29,1.79,0.245875714,0.538411429,0.139681429,0.320317143,0.096825714,0.008254286,0.0673,0.004285714,0.064602857,0.001904286,0.051902857,70.52888857,1.388252857
5,8200000,29.56967,-99.24671,249.11,2.33333,0.25889,0.59667,0.16,0.39,0.10889,0.00111,0.06111,0,0.05222,0.00111,0.04778,79.60333,1.19667
5,8178880,29.72384,-99.07004,850.58,2.479334,0.248222,0.698,0.136,0.40378,0.089778,0.006668,0.051332,0.004002,0.05711,0.001776,0.043334,87.443334,1.15
5,8171300,29.97938,-97.91,1067.47,4.89911,0.311778,1.329332,0.116442,0.677334,0.126,0.008446,0.061334,0.004888,0.065998,0.002666,0.047558,139.791554,1.402
7,2245500,29.97941,-81.85204,348.43,8.760555,0.277225,3.230555,0.180555,1.750555,0.134445,0.057775,0.072225,0.041665,0.07667,0.02611,0.075,300.07222,1.485555
5,8165300,30.0641,-99.38699,435.99,1.107036667,0.214073333,0.418146667,0.10148,0.225183333,0.08,0.017776667,0.066666667,0.00963,0.05037,0.01037,0.055186667,55.60518667,1.11111
5,8158700,30.08299,-98.00779,320.34,5.078885,0.255,1.275,0.096665,0.630555,0.126665,0.005555,0.051665,0.000555,0.05778,0,0.04611,139.208335,1.221115
7,2246000,30.1133,-81.90649,451.06,7.97111,0.33333,3.79889,0.2,2.15556,0.15778,0.02222,0.09778,0.01667,0.08333,0.01111,0.08333,287.1,1.91889
7,8070200,30.14549,-95.12438,989.37,9.985778,0.23289,2.72622,0.09489,1.379332,0.104668,0.010002,0.067332,0.008,0.059558,0.001998,0.070666,241.104224,1.268668
7,8070000,30.3366,-95.1041,841.06,9.985778,0.23289,2.72622,0.09489,1.379332,0.104668,0.010002,0.067332,0.008,0.059558,0.001998,0.070666,241.104224,1.268668
5,8109700,30.33938,-96.9047,610.13,7.62,0.302223333,1.075186667,0.14185,0.30259,0.13889,0.00037,0.07963,0.001853333,0.07333,0.001853333,0.065926667,116.3566667,1.165926667
7,8066300,30.48139,-94.77972,383.57,12.05778,0.28444,3.78111,0.143335,1.99389,0.129445,0.02556,0.081665,0.021115,0.073335,0.01,0.06556,329.77611,1.773885
7,2481510,30.48361,-89.27444,800.66,14.660555,0.2397225,5.76389,0.1083325,3.708335,0.1125,0.2516675,0.06361,0.1766675,0.06639,0.131945,0.0705575,649.5150075,1.143055
7,7376000,30.5038,-90.67732,651.61,16.3738875,0.231385,5.7455575,0.15722,3.4227775,0.1163875,0.149165,0.0686125,0.128055,0.055835,0.09833,0.0647225,583.16612,1.260835
7,2481000,30.55861,-89.12194,249.23,15.169445,0.238335,5.957775,0.11056,3.76,0.110555,0.238335,0.06833,0.166115,0.06667,0.120555,0.07,649.55889,1.16722
7,7375000,30.61602,-90.24869,249.35,16.62167,0.220555,5.748335,0.14278,3.51389,0.114445,0.186665,0.050555,0.14722,0.04889,0.10722,0.059445,622.914445,0.973335
5,8104900,30.62575,-97.69112,342.62,4.559445,0.25778,0.914445,0.105,0.39278,0.10889,0.002775,0.05,0,0.065,0.000555,0.048335,105.096665,1.36222
5,8150800,30.64352,-99.09588,557.52,1.438516667,0.192593333,0.471483333,0.10815,0.255923333,0.09,0.01037,0.05,0.004813333,0.047036667,0.00333,0.03926,63.40036667,1.18037
7,8014500,30.69875,-92.89319,1305.15,14.07135667,0.373704444,5.076418889,0.190988889,2.944815556,0.165676667,0.074567778,0.103703333,0.069874444,0.074813333,0.055185556,0.079382222,472.7327144,1.685926667
7,2479300,30.73611,-88.78111,1144.2,14.832444,0.240222,5.740666,0.124222,3.604888,0.117778,0.229112,0.066444,0.17,0.07178,0.135778,0.067556,620.347558,1.131112
7,2479560,30.80908,-88.45863,1454.33,13.48041625,0.20999875,5.3388875,0.1138875,3.391805,0.104585,0.240695,0.065,0.1783325,0.0647225,0.13375125,0.06722125,593.925275,0.98055625
5,8103900,30.91157,-98.03697,86,3.37,0.26333,0.68037,0.099256667,0.30259,0.093336667,0.00037,0.045926667,0,0.063333333,0,0.05,86.34852,1.45074
7,8013000,30.99602,-92.67375,1293.69,13.29095429,0.310635714,4.74016,0.17365,2.606032857,0.130634286,0.063968571,0.08762,0.055395714,0.074762857,0.042221429,0.066348571,430.6047614,1.615398571
7,2479155,31.02528,-89.01667,137.28,13.48611,0.298055,5.1863875,0.158055,3.32861,0.125835,0.21,0.0741675,0.154445,0.08722,0.120275,0.083335,580.5325,1.3594425
7,2369800,31.02768,-86.70996,227.51,12.59667,0.20889,5.38222,0.1,3.44889,0.1,0.30444,0.06556,0.20111,0.06,0.13556,0.07222,621.31112,1.18222
7,7295000,31.22694,-91.29556,466.58,14.96667,0.241483333,5.194446667,0.135186667,3.04889,0.094446667,0.211483333,0.065556667,0.176293333,0.06926,0.112593333,0.064443333,559.0177833,1.15
5,8101000,31.28489,-97.88502,1177.1,2.893332857,0.315398571,0.500634286,0.147458571,0.189841429,0.127777143,0.000158571,0.065871429,0,0.06873,0,0.054125714,74.05143,1.572855714
7,8025500,31.30713,-93.51573,383.02,11.89889,0.17111,4.03222,0.13111,2.09333,0.08222,0.04111,0.05222,0.03,0.04333,0.02111,0.03889,354.82444,1.14556
7,7292500,31.32472,-91.10944,2073.09,13.27313091,0.210303636,4.654647273,0.1301,2.801211818,0.093837273,0.221819091,0.054140909,0.177777273,0.059597273,0.121717273,0.056869091,518.6814127,1.132523636
7,2361000,31.34295,-85.61049,1781.61,9.964812222,0.207777778,3.346048889,0.081358889,1.985802222,0.08642,0.142468889,0.054567778,0.106543333,0.05,0.067405556,0.0479,390.7972844,0.977407778
7,2472500,31.42583,-89.41472,789.94,14.302888,0.162446,4.891332,0.114222,2.786666,0.101556,0.156,0.046444,0.139332,0.051556,0.109778,0.04622,502.333776,0.988444
7,7291000,31.50306,-90.7775,479.3,12.6125,0.1783325,4.475555,0.119165,2.7341675,0.0858325,0.2375,0.0447225,0.1936125,0.0522225,0.126945,0.054445,518.335835,0.968055
7,2363000,31.59489,-85.783,1292.51,9.343333333,0.169261111,3.439383333,0.080492222,2.111728889,0.070247778,0.181852222,0.053086667,0.141111111,0.051728889,0.089012222,0.038765556,413.2686422,0.827284444
7,2372250,31.59627,-86.40552,1145.22,10.38015857,0.132224286,3.886348571,0.07,2.31508,0.066985714,0.151744286,0.044125714,0.121428571,0.042538571,0.079365714,0.041902857,428.1419057,0.682378571
7,2472000,31.70694,-89.40694,1927.13,14.39376,0.195043846,4.919487692,0.116667692,2.690342308,0.097093077,0.118632308,0.062820769,0.100084615,0.061880769,0.067947692,0.053761538,479.0092292,1.305555385
7,2469800,31.74432,-88.02251,422.68,12.365,0.200555,4.52889,0.095555,2.666665,0.076665,0.165,0.054445,0.12222,0.055555,0.07389,0.04778,488.00555,1.340555
7,2350900,31.76444,-84.25333,1365.12,8.0254175,0.20499875,2.8370825,0.1084725,1.68194625,0.10013875,0.13611125,0.06722125,0.1140275,0.06611125,0.079305,0.05416625,335.673195,1.3483325
7,2216180,31.99139,-82.92194,129.11,9.86111,0.31667,2.56222,0.12111,1.23222,0.13222,0.02111,0.06556,0.01333,0.06444,0.00222,0.07333,259.80778,1.26333
7,2427250,31.99626,-87.06832,675.24,11.349778,0.154888,3.978,0.075778,2.326224,0.075776,0.131332,0.046442,0.100666,0.047334,0.060444,0.036888,431.69267,0.898002
7,2342933,32.01766,-85.29577,290.1,14.195221,0.238,4.780333,0.13789,2.657445,0.102668,0.160556,0.070778,0.13711,0.068779,0.089888,0.061888,501.143888,1.201889
7,7290650,32.01778,-90.87694,1688.73,9.97444,0.14556,3.63222,0.07,2.07556,0.06556,0.09,0.04778,0.07667,0.04889,0.05111,0.04333,370.35333,0.69
7,2349900,32.19556,-83.90222,122.87,10.5533325,0.224165,2.8952775,0.122225,1.50722,0.131665,0.0547225,0.0552775,0.0455525,0.06472,0.02889,0.0636125,288.8188925,1.28139
7,2215100,32.23944,-83.50167,420.29,9.69667,0.19722,2.81389,0.086115,1.525,0.10833,0.05389,0.04833,0.045555,0.062225,0.025,0.055555,283.995555,1.10722
5,8086290,32.64846,-99.00451,732.98,2.1,0.267778,0.190666,0.162222,0.067112,0.100444,0.000444,0.066,0.000222,0.062668,0.000222,0.045334,38.964666,1.326668
5,8086212,32.7329,-99.14063,1584.82,1.723086667,0.297406667,0.16,0.185431111,0.050864444,0.124814444,0.00037,0.081852222,0,0.081975556,0.000863333,0.058888889,36.52308667,1.363578889
7,7346045,32.77792,-94.35742,959.89,11.04111,0.257302857,2.854445714,0.149204286,1.416348571,0.119681429,0.015874286,0.066668571,0.009207143,0.069048571,0.005235714,0.060475714,274.2466657,1.425712857
7,2408540,32.91679,-86.27025,682.41,13.168222,0.137112,4.485778,0.088666,2.690224,0.077556,0.205332,0.050446,0.168666,0.047556,0.095998,0.043778,515.691114,0.83578
7,2198100,32.93766,-81.81539,79.49,8.71889,0.29556,2.63333,0.13667,1.35556,0.13333,0.04556,0.06667,0.03333,0.06333,0.00889,0.07222,282.44444,1.15222
3,9447800,32.95562,-109.53119,781.96,0.641334,0.28889,0.10711,0.162888,0.066442,0.174444,0.007558,0.074444,0.001776,0.083114,0.000666,0.065558,18.197554,1.471556
3,9430500,33.06118,-108.53727,4804.93,0.889272069,0.351033793,0.342874828,0.207433103,0.20092069,0.169732414,0.019348966,0.08226,0.019157241,0.079157586,0.014138621,0.082988276,42.86344793,2.230268276
7,2415000,33.06679,-85.87913,491.38,12.321665,0.132775,4.51111,0.086665,2.75778,0.066665,0.24222,0.048335,0.199445,0.03611,0.120555,0.036665,523.74722,0.661665
7,2212600,33.09985,-83.72351,187.96,9.14444,0.13778,2.64111,0.08,1.49,0.08556,0.05556,0.06111,0.03889,0.04667,0.01444,0.06,299.73556,0.95333
3,9430600,33.16673,-108.64978,190.52,1.88222,0.39,0.67444,0.20333,0.43667,0.18778,0.02778,0.08222,0.02556,0.10333,0.01556,0.07444,82.26667,1.51
7,2221525,33.25236,-83.48128,490.8,9.46,0.12852,2.763703333,0.065183333,1.54926,0.056296667,0.067406667,0.052593333,0.051853333,0.034073333,0.022593333,0.045183333,316.2799967,0.765186667
5,8082700,33.32927,-99.46508,276.04,1.25778,0.36,0.05889,0.27556,0.02222,0.18222,0.00333,0.10667,0.00222,0.08889,0,0.10778,23.65111,2.13333
7,7362100,33.37596,-92.77711,996.08,12.59285429,0.272698571,4.092697143,0.109682857,2.186508571,0.093492857,0.035874286,0.068572857,0.021427143,0.05889,0.011744286,0.060794286,362.6138043,1.309841429
7,2464146,33.41345,-87.51056,15.82,15.489445,0.265555,5.168335,0.12722,2.765,0.115,0.120555,0.06778,0.08778,0.06333,0.05111,0.055,527.72611,1.312225
7,2464360,33.42484,-87.64251,148.62,14.09778,0.18889,4.87667,0.10222,2.74889,0.09111,0.13889,0.04778,0.10333,0.05111,0.06556,0.04333,507.33888,1.18556
7,2464000,33.47928,-87.59723,578.94,16.058222,0.27222,5.277556,0.12689,2.82689,0.12578,0.114444,0.073332,0.087332,0.065778,0.056446,0.055556,550.86889,1.250444
7,2193340,33.68263,-82.85792,87.87,8.8988875,0.1572225,2.7861125,0.081945,1.62889,0.0697225,0.0958325,0.061665,0.0750025,0.04972,0.03472,0.044445,338.6844425,0.9380575
3,9510200,33.69421,-111.5418,425.31,2.214445,0.40611,0.43389,0.16611,0.24,0.156665,0.001665,0.087775,0.001665,0.082225,0,0.06389,45.295,1.94111
7,2196000,33.7293,-82.18179,1408.38,8.466667,0.166557,2.683,0.091001,1.595554,0.084556,0.080891,0.075445,0.059333,0.050222,0.027555,0.051779,314.178111,1.089889
4,9494000,33.73644,-110.16677,1628.23,2.77652875,0.409165,1.060415,0.22763875,0.6623625,0.17805625,0.06500125,0.08874875,0.0606925,0.090555,0.0370825,0.0775,129.61042,2.3268075
5,7315200,33.81288,-98.08504,501.62,4.89,0.249556,0.451558,0.146888,0.14311,0.135332,0,0.060442,0,0.05889,0.000222,0.047112,72.634222,1.194668
4,9492400,33.82227,-109.81454,128.97,4.455741667,0.469443333,1.768518333,0.256296667,1.124261667,0.189998333,0.109815,0.085185,0.091481667,0.102776667,0.077963333,0.082408333,198.5464833,2.486483333
3,9497980,33.82783,-110.85623,516.8,3.421113333,0.318146667,1.014443333,0.176293333,0.55667,0.175926667,0.02074,0.067036667,0.01852,0.071853333,0.012963333,0.06074,115.0551867,1.93667
3,9497800,33.84311,-110.55761,750.86,1.82139,0.3133325,0.4866675,0.171945,0.31028,0.1691675,0.0213875,0.08389,0.020555,0.0741675,0.0111125,0.065,73.05139,1.9830575
3,9512280,33.88726,-111.95404,188.71,1.28667,0.30667,0.25333,0.19667,0.1,0.15667,0,0.07778,0,0.09333,0,0.07333,38.82222,1.89
5,7315700,34.00426,-97.56697,1488.69,4.898055,0.221945,0.71736,0.16847125,0.34083375,0.11708375,0.01319375,0.06638875,0.0095825,0.064585,0.00444375,0.0570825,101.028335,1.21652625
7,2395120,34.24278,-84.88972,84.01,12.92556,0.17111,4.52667,0.06889,2.66667,0.08222,0.15111,0.06556,0.13333,0.03778,0.08111,0.03778,475.46333,0.84556
5,7299670,34.35452,-99.74037,828.36,1.099073333,0.407223333,0.056666667,0.242593333,0.00426,0.152221667,0,0.107038333,0,0.105,0,0.089258333,20.62351833,1.337036667
7,7359610,34.38278,-93.60611,342.23,19.48148333,0.206666667,6.46741,0.106666667,3.812223333,0.086666667,0.086663333,0.056296667,0.055186667,0.044813333,0.038516667,0.04815,646.16704,1.12889
7,2430085,34.46667,-88.28361,40.56,13.504165,0.188335,5.163335,0.09639,2.9916675,0.095835,0.1650025,0.05528,0.141945,0.050555,0.1016675,0.0480575,530.097505,1.00139
4,9505800,34.53864,-111.69404,614.94,2.598335,0.308335,1,0.2391675,0.555555,0.195555,0.044445,0.08528,0.0372225,0.08111,0.029165,0.0747225,107.99139,1.9786125
1,2381600,34.57037,-84.46882,10.32,16.41889,0.23444,6.48,0.14778,4.34333,0.10556,0.32222,0.06667,0.25889,0.06111,0.16667,0.05667,820.89888,1.30667
5,11124500,34.59666,-119.90875,191.52,5.479445,0.39722,1.506665,0.21667,0.719445,0.165,0.013335,0.086665,0.00667,0.07611,0.001665,0.08556,148.473335,2.138885
7,7335700,34.63844,-94.61272,102.57,17.5552775,0.2016675,5.72778,0.099445,3.51472,0.0872225,0.0722225,0.0475,0.0480575,0.0508325,0.0327775,0.0477775,622.7141625,1.126945
4,9505200,34.67474,-111.67209,285.68,2.75222,0.295183333,1.034073333,0.227406667,0.5437,0.19148,0.03889,0.081853333,0.026666667,0.071483333,0.022223333,0.07222,102.43037,1.886296667
4,9505350,34.72863,-111.77571,365.66,3.522775,0.287775,1.21056,0.182775,0.61,0.16778,0.03111,0.074445,0.02,0.070555,0.01778,0.05944,113.865555,1.901115
7,7362587,34.79759,-92.93351,69.77,17.86889,0.24,5.53111,0.10556,3.25333,0.09778,0.04667,0.05556,0.02333,0.05667,0.01333,0.04667,577.32332,1.16222
2,2177000,34.81398,-83.30599,526.77,14.74111,0.277036667,6.72333,0.192223333,4.822963333,0.138516667,0.871483333,0.085926667,0.62963,0.064446667,0.465556667,0.073703333,1001.244073,1.706296667
7,2108000,34.82889,-77.83222,1569.48,9.222666,0.246111,3.721554,0.196778,2.468777,0.105335,0.152555,0.080779,0.094,0.075223,0.051889,0.071666,438.655777,1.467777
7,3592718,34.83556,-88.28806,66.99,13.188055,0.170555,4.934165,0.086945,2.93111,0.0838875,0.175,0.0494475,0.14361,0.04778,0.1000025,0.0386125,528.419445,1.05139
7,7263295,34.8762,-92.77461,119.03,16.570222,0.268666,5.282886,0.120446,2.964444,0.102888,0.052222,0.071778,0.02911,0.066002,0.021554,0.061778,511.91444,1.312444
1,2178400,34.89037,-83.53044,151.28,15.80333,0.29222,7.40333,0.18333,5.17889,0.12667,0.79667,0.07556,0.60111,0.06667,0.42333,0.06778,1080.98553,1.46667
1,3504000,35.1275,-83.61861,134.52,16.79111,0.34111,8.25778,0.27333,5.85,0.15444,0.88111,0.07889,0.68444,0.07,0.47778,0.08889,1191.43111,1.87333
2,3439000,35.14333,-82.82472,178.67,13.93778,0.31333,7.08889,0.22556,5.22,0.17111,1.12,0.09111,0.82,0.07,0.58667,0.07889,1150.29667,1.69778
1,3500000,35.15,-83.37972,361.14,14.69222333,0.332223333,7.28852,0.207036667,5.174073333,0.15185,0.877403333,0.09074,0.676293333,0.073333333,0.46963,0.075183333,1087.803333,1.50852
5,7301500,35.16811,-99.50731,6885.07,0.536046744,0.373849767,0.100516512,0.196926279,0.057880465,0.159198372,0.002299535,0.08111093,0.005141163,0.086408605,0.001575581,0.083023023,19.47372093,1.886486047
7,2102908,35.18278,-79.1775,19.73,6.18222,0.28444,2.62778,0.16111,1.84889,0.12222,0.30444,0.09111,0.19667,0.08111,0.09778,0.08111,385.81556,1.59111
4,9386900,35.28253,-108.55341,184.94,1.3,0.30778,0.48667,0.18667,0.30556,0.15222,0.00889,0.10556,0.01,0.09778,0.00556,0.06222,44.45,1.65889
7,2125000,35.33472,-80.33556,144.55,10.18222,0.17333,2.99222,0.10333,1.73556,0.08556,0.10333,0.04889,0.06556,0.04111,0.03,0.03444,362.76222,0.82222
7,2128000,35.38722,-79.83139,273.48,9.526296667,0.162593333,3.022593333,0.096663333,1.70926,0.082223333,0.103703333,0.036666667,0.067036667,0.04185,0.034443333,0.04296,348.3681467,0.86296
1,2149000,35.42345,-82.1115,203.85,11.14444,0.16667,4.27333,0.11889,2.83556,0.08111,0.37778,0.04444,0.26778,0.04444,0.18778,0.05889,563.26222,0.93556
5,7226500,35.43838,-103.52579,5242.75,0.167407273,0.386733939,0.031145455,0.282491515,0.011851515,0.201784242,0.000100909,0.093265758,0,0.113164848,0.000134545,0.082761212,5.029731212,2.728282424
5,7301410,35.4731,-100.12095,769.67,0.397406667,0.37074,0.101666667,0.177038333,0.05537,0.154261667,0.00074,0.067778333,0.002405,0.075925,0.00111,0.073331667,18.81426,1.720185
1,2152100,35.49306,-81.68222,154.99,11.52056,0.20556,4.345555,0.134445,2.92722,0.111665,0.389445,0.05167,0.28056,0.05611,0.19,0.065555,587.398885,1.167775
7,3604000,35.49591,-87.8328,1163.03,15.72238286,0.198411429,5.2973,0.097775714,3.124284286,0.085555714,0.161905714,0.053015714,0.138097143,0.044444286,0.092698571,0.04746,563.9263471,1.032857143
4,8380500,35.65199,-105.3189,198.06,2.333334,0.37911,1.032668,0.196444,0.652444,0.149778,0.043112,0.091776,0.032446,0.081556,0.019112,0.091334,102.186,1.90111
1,3450000,35.65306,-82.40528,14.08,14.05333,0.18556,6.36444,0.15222,4.07778,0.08889,0.38,0.06667,0.28333,0.06444,0.17444,0.04889,750.43667,1.32
4,8324000,35.66169,-106.74337,1207.95,3.050695,0.31958125,1.5275,0.17694375,0.955,0.136945,0.0840275,0.084305,0.0820825,0.083055,0.0558325,0.07486,141.8765275,1.80472125
1,3460000,35.6675,-83.07361,127.02,15.8819425,0.2738875,7.83861,0.1744425,5.084445,0.1219475,0.6352775,0.0705575,0.475,0.0652775,0.319165,0.06,1004.424167,1.4672225
1,2137727,35.68583,-82.06028,329.54,11.99703667,0.196666667,4.70667,0.13741,3.204443333,0.08815,0.438886667,0.051853333,0.31889,0.048516667,0.217406667,0.05926,635.2940767,1.238886667
4,8378500,35.70837,-105.68252,444.96,4.85074,0.28,2.375186667,0.215553333,1.395926667,0.144073333,0.095186667,0.071853333,0.077036667,0.077036667,0.050373333,0.080373333,226.26333,1.674073333
4,8377900,35.77725,-105.65807,139.03,4.02333,0.21889,1.93667,0.19222,1.15667,0.11889,0.08556,0.05889,0.06778,0.06556,0.04556,0.06778,184.33,1.58222
1,3498500,35.78562,-83.8846,696.76,14.6169425,0.1950025,5.78722,0.1049975,3.600555,0.078335,0.2080575,0.05417,0.155555,0.049165,0.09139,0.0422225,648.17639,1.106665
1,3463300,35.83151,-82.18429,112.16,14.02222,0.21556,6.21222,0.14667,4.18556,0.09889,0.54,0.06222,0.42333,0.05222,0.26889,0.04889,861.21777,1.42
1,2140991,35.83361,-81.71194,521.99,10.95963,0.210366667,4.665926667,0.108886667,3.107036667,0.09889,0.35741,0.05889,0.273333333,0.05889,0.186296667,0.051113333,608.4229633,1.175556667
7,7196900,35.88008,-94.48661,106.35,11.24889,0.19333,3.88889,0.08667,2.30444,0.07333,0.10778,0.05556,0.07333,0.04889,0.04,0.04889,446.12666,0.80444
7,7197000,35.9212,-94.83856,808.45,10.97722167,0.164258333,3.593148333,0.088518333,2.057406667,0.082961667,0.089258333,0.052221667,0.06537,0.04852,0.035556667,0.046668333,396.6346283,0.838703333
1,7056000,35.98318,-92.74755,2149.36,13.80333385,0.16701,4.512563077,0.107607692,2.580854615,0.091538462,0.040768462,0.042734615,0.029146154,0.052393846,0.014615385,0.040855385,465.6193169,1.137949231
7,2096846,35.98722,-79.20611,19.57,9.29667,0.14111,3.022775,0.08833,1.792225,0.06778,0.105,0.03278,0.07111,0.041665,0.035555,0.036115,347.49278,0.813335
1,7060710,35.99535,-92.21265,150.03,15.14667,0.18778,4.43889,0.17556,2.30222,0.11,0.03111,0.04556,0.02333,0.06444,0.00889,0.05111,430.64112,1.32
7,2118500,36.00056,-80.74556,400.53,9.55222,0.198885,3.499445,0.09222,2.29667,0.06833,0.231665,0.04833,0.168885,0.050555,0.09278,0.05111,441.559445,0.64889
1,2111180,36.07139,-81.40306,131.47,11.48556,0.19889,5.22333,0.12111,3.55,0.1,0.39333,0.05556,0.29778,0.06111,0.20444,0.04667,672.76667,0.87889
1,2111500,36.175,-81.16889,233.66,10.34333,0.199445,4.163335,0.11389,2.885555,0.08,0.338335,0.04833,0.25611,0.054445,0.170555,0.050555,545.972775,0.907775
7,2082950,36.18333,-77.87611,460.85,8.385555,0.168885,2.836115,0.096665,1.60111,0.07111,0.05722,0.043335,0.03111,0.038885,0.00722,0.04722,301.63444,0.840555
7,2081500,36.19417,-78.58306,428.37,8.91556,0.146665,2.825555,0.089445,1.609445,0.065555,0.077775,0.034445,0.052225,0.04111,0.02,0.03889,315.50778,0.789445
1,3479000,36.23917,-81.82222,235.6,10.53222,0.22667,5.11111,0.14222,3.47111,0.11333,0.40333,0.06111,0.29778,0.07556,0.20889,0.04667,672.90111,1.22111
4,11143000,36.2458,-121.77329,120.61,23.322526,0.533722,7.69025,0.299888,4.335472,0.275252,0.066332,0.123028,0.049748,0.115832,0.035168,0.121776,717.63939,3.535834
7,7195800,36.25548,-94.43394,38.23,11.42926,0.142223333,3.09889,0.092223333,1.664813333,0.08963,0.07074,0.05074,0.05185,0.044073333,0.03037,0.044816667,355.2029633,0.865556667
7,2112360,36.31139,-80.80722,205.3,9.8,0.200555,3.820555,0.087225,2.584445,0.074445,0.245,0.045,0.18611,0.050555,0.107225,0.047225,486.83667,0.785
6,2053200,36.37083,-77.02556,583.66,8.45889,0.2097225,3.374445,0.13861,2.03278,0.089725,0.0827775,0.060555,0.045835,0.059725,0.0202775,0.0666675,344.689725,0.877225
4,7208500,36.37226,-104.97,159.22,1.648333333,0.406851667,0.67259,0.213703333,0.432038333,0.152593333,0.047221667,0.08463,0.032593333,0.095738333,0.024443333,0.092408333,72.59074167,2.086113333
1,3161000,36.39333,-81.40694,527.86,11.5330575,0.2305525,5.5052775,0.13111,3.741945,0.1097225,0.3950025,0.0577775,0.28361,0.0738875,0.1977775,0.0463875,695.22389,1.0758325
4,8269000,36.43947,-105.50362,163.27,3.04111,0.31778,1.43444,0.18111,0.84222,0.12778,0.09333,0.08222,0.07667,0.07444,0.05,0.07111,136.03333,1.92556
4,8267500,36.54169,-105.5564,96.26,5.71111,0.27111,3.26556,0.21889,1.96667,0.15222,0.17333,0.07667,0.13444,0.08,0.09222,0.07333,293.65,1.86222
7,2074500,36.61958,-79.50419,288.53,8.76167,0.162775,3.017225,0.075555,1.90833,0.06222,0.171665,0.032775,0.121665,0.03389,0.061665,0.033885,383.06111,0.66111
1,7068000,36.622,-90.84762,5318.59,10.96796829,0.186317429,3.590824857,0.114413143,2.042698,0.107714286,0.076095429,0.049110857,0.062572,0.051333429,0.03673,0.045587714,369.4695869,1.119111429
7,7057500,36.62303,-92.24813,1456.44,10.173666,0.155334,3.456,0.094557,1.959333,0.081779,0.08,0.036889,0.06311,0.048111,0.037777,0.038668,354.833447,0.907
1,3164000,36.64735,-80.97897,2952.74,10.1435,0.207944,4.7832225,0.1246095,3.351444,0.0983885,0.3724455,0.058334,0.2803335,0.064166,0.1943335,0.0477775,622.929389,0.9857225
7,7071500,36.64868,-91.20082,2023.77,10.96495615,0.188290769,3.641025385,0.104018462,2.107863846,0.096666923,0.086154615,0.042136154,0.069318462,0.049145385,0.042563077,0.044360769,376.6667508,1.045298462
1,3473000,36.65178,-81.84401,784.81,11.62111333,0.20333,5.30963,0.114443333,3.501853333,0.084073333,0.337036667,0.05074,0.276296667,0.051483333,0.190743333,0.047036667,647.6696333,1.09
7,2051500,36.71681,-77.83166,1428.71,8.103432727,0.167676364,2.821816364,0.093533636,1.701616364,0.067981818,0.096666364,0.037373636,0.059898182,0.034141818,0.023030909,0.036666364,325.6286864,0.81101
1,3471500,36.76039,-81.63123,198.16,10.23222286,0.185397143,4.538095714,0.10524,3.053332857,0.082378571,0.277302857,0.048097143,0.22016,0.052382857,0.148888571,0.046507143,553.2806329,0.92143
5,7148400,36.81503,-98.64814,2544.5,1.048680625,0.393195,0.230693125,0.19493,0.13729125,0.134791875,0.0034025,0.085485625,0.0008325,0.07868125,0.0002775,0.074721875,29.62291813,1.37111
1,3488000,36.89678,-81.74623,578.21,10.04911,0.192446,3.964668,0.11711,2.655332,0.105334,0.194,0.056888,0.153112,0.062224,0.103998,0.048442,458.852444,1.023334
1,7067000,36.99138,-91.01351,4349.01,10.43396821,0.177737857,3.453055357,0.114008214,1.971269643,0.103134643,0.081230357,0.0465075,0.067381429,0.052936786,0.040039643,0.045198929,360.2330546,1.079285714
7,2051000,36.99737,-78.34972,144.82,8.168885,0.15833,2.835555,0.08333,1.77,0.058335,0.12278,0.030555,0.079445,0.027225,0.03722,0.02778,341.750005,0.685
1,3170000,37.03763,-80.55672,794.64,8.302002,0.178444,3.462668,0.104002,2.395112,0.082,0.219776,0.050666,0.17089,0.044,0.114444,0.04889,440.323556,1.048664
5,7149000,37.0392,-98.47021,2291.2,1.391110833,0.363796667,0.29787,0.199074167,0.166480833,0.138889167,0.005091667,0.08713,0.002035,0.079999167,0.000925,0.07287,38.10092417,1.426945
7,2056900,37.04514,-79.8442,298.11,8.75778,0.17833,3.695555,0.09,2.48778,0.081665,0.182225,0.052225,0.14,0.04278,0.075555,0.04222,442.85889,0.835555
7,2046000,37.06709,-77.60249,288.52,8.007775,0.17,2.898335,0.095555,1.782225,0.078335,0.092225,0.037775,0.052775,0.034445,0.02,0.045,325.55278,0.785555
7,2065500,37.07931,-78.76362,252.58,10.01222,0.17333,3.06556,0.09778,1.72333,0.07111,0.08556,0.04333,0.05444,0.04667,0.02556,0.03333,345.24778,0.76444
7,2064000,37.12681,-78.95974,427.77,8.90667,0.175926667,2.80778,0.09259,1.68,0.066666667,0.10926,0.04,0.073703333,0.04185,0.03185,0.032963333,337.88852,0.735926667
6,7151500,37.12891,-97.60144,2109,2.821575,0.346759167,0.573146667,0.222963333,0.271851667,0.14713,0.013610833,0.093611667,0.005648333,0.068519167,0.004351667,0.083425,64.35074,1.4691675
1,3281100,37.15203,-83.7602,422.72,15.66778,0.121665,5.79,0.082775,3.58389,0.090555,0.060555,0.03389,0.031665,0.049445,0.007225,0.047225,577.33223,0.79889
7,7066000,37.15408,-91.35816,1053.5,10.04666857,0.169682857,3.33619,0.09508,1.936664286,0.084761429,0.09254,0.042222857,0.07873,0.049998571,0.049364286,0.044445714,360.5330157,0.901268571
1,3280700,37.16509,-83.30796,158.22,14.56333,0.168335,5.61389,0.10111,3.752225,0.11278,0.101665,0.038335,0.07389,0.05,0.027225,0.05167,600.088335,0.87389
7,2059500,37.1732,-79.52031,485.41,8.073055,0.1761125,3.0411125,0.0916675,1.903335,0.0827775,0.12361,0.0491675,0.0941675,0.043055,0.043055,0.04139,360.5566675,0.856945
6,7145700,37.24955,-97.4039,399.81,5.005555,0.230555,0.612225,0.15389,0.251665,0.10389,0.00111,0.073885,0,0.07778,0,0.05778,87.339445,1.22778
4,11162500,37.26078,-122.32886,118.87,14.05889,0.43778,3.66333,0.27889,1.54889,0.19222,0.01667,0.09333,0.00667,0.08889,0.00667,0.09,309.74444,2.25
1,3173000,37.26818,-80.70951,773.32,8.09289,0.190444,3.198442,0.11889,2.161112,0.109334,0.140888,0.054444,0.115334,0.05578,0.077776,0.045998,374.52489,1.01711
7,7184000,37.28125,-95.03267,510.84,16.10962667,0.304073333,3.201853333,0.155186667,1.274073333,0.113706667,0,0.059256667,0,0.06037,0,0.049996667,287.1125933,1.24963
4,9404450,37.33943,-112.60438,192.96,1.88667,0.23,0.77444,0.17222,0.41222,0.15444,0.04222,0.06444,0.03222,0.05889,0.03111,0.07,77.02333,1.43333
7,6918460,37.40237,-93.80203,650.69,12.890275,0.175,3.314445,0.0952775,1.6702775,0.100835,0.040555,0.0433325,0.0216675,0.038055,0.0122225,0.041945,347.080555,0.9966675
7,3384450,37.47227,-88.54727,111.13,15.41778,0.27444,4.54,0.12111,2.54111,0.13667,0.04778,0.06778,0.03,0.07778,0.02,0.06667,454.16,1.35778
4,9352900,37.4775,-107.54367,188.15,13.66333,0.377225,8.17167,0.284445,5.507775,0.19889,0.33111,0.100555,0.281665,0.103335,0.23167,0.093335,780.907785,2.99778
1,3281500,37.47981,-83.67519,1838.22,15.3725,0.131944167,5.651666667,0.088333333,3.512685833,0.090925833,0.0600925,0.037223333,0.031110833,0.04889,0.008796667,0.0484275,563.15667,0.8172225
5,11176400,37.56132,-121.68384,338.56,8.13667,0.313335,2.030555,0.20444,0.99444,0.14278,0.000555,0.08722,0,0.067775,0,0.074445,174.17944,1.84722
7,1669520,37.63375,-76.69635,277.39,7.214443333,0.234076667,2.888146667,0.132963333,1.805556667,0.107406667,0.108146667,0.05963,0.055556667,0.06333,0.015553333,0.06111,322.7362967,1.027033333
7,3285000,37.64202,-84.66078,822.34,15.711776,0.216668,5.415554,0.121778,3.05489,0.102666,0.082224,0.052888,0.052888,0.058888,0.02778,0.054888,534.485108,1.03489
1,2018000,37.66596,-79.91144,852.34,8.307618571,0.189841429,3.25524,0.120157143,2.085397143,0.092858571,0.128095714,0.058097143,0.102064286,0.056191429,0.068411429,0.050794286,371.61746,1.049522857
1,3213700,37.67316,-82.28014,2425.06,11.42,0.244668,4.590518,0.147704,3.026517333,0.129036,0.107259333,0.050296,0.084147333,0.046221333,0.038073333,0.051334,486.4261473,1.146075333
7,6921070,37.68265,-93.37033,712.59,11.012222,0.113112,2.877556,0.086222,1.565554,0.09289,0.055334,0.040888,0.031776,0.034666,0.018222,0.040446,325.004664,0.848222
5,7167500,37.70821,-96.2236,319.62,8.235555,0.181665,1.443335,0.097225,0.591665,0.074445,0,0.046665,0,0.04889,0,0.03778,160.74389,0.87222
1,2027000,37.71542,-78.98169,240.77,12.23556,0.16278,4.937225,0.119445,3.219445,0.095555,0.11556,0.053335,0.07889,0.05,0.03389,0.047775,543.285555,1.045555
4,11266500,37.71687,-119.66628,833.08,12.610446,0.456442,7.483776,0.256668,4.898888,0.221334,0.102,0.102,0.078002,0.107776,0.053554,0.08933,638.415996,2.462002
1,2014000,37.72901,-80.04228,396.78,8.795,0.20278,3.618335,0.125555,2.38722,0.098885,0.132225,0.055555,0.10278,0.059445,0.068335,0.05389,410.404445,1.14389
4,11264500,37.73159,-119.55877,467.98,12.4866675,0.467775,7.609165,0.26139,4.9594425,0.23,0.1016675,0.105555,0.079725,0.11111,0.055275,0.09083,652.136385,2.4855575
7,6921200,37.75047,-93.26618,323.62,10.95778,0.12389,2.807775,0.08389,1.47889,0.101665,0.03889,0.04111,0.017225,0.037225,0.009445,0.03611,305.24389,0.897225
1,2016000,37.7918,-79.75949,1194.55,9.10694625,0.19138875,3.67861125,0.1284725,2.46028,0.0927775,0.1640275,0.05902875,0.12458375,0.05791625,0.08263625,0.05375125,438.5177775,1.116805
7,3300400,37.83284,-85.29607,1128.58,17.229075,0.220371667,5.448146667,0.148148333,3.126481667,0.122966667,0.047406667,0.059998333,0.024445,0.079258333,0.009443333,0.060555,528.313895,1.30241
7,6919500,37.8342,-93.87549,1069.42,12.88920571,0.20127,3.157618571,0.116984286,1.571745714,0.106827143,0.039047143,0.048731429,0.018254286,0.04746,0.012062857,0.041588571,335.4753986,1.194762857
4,11284400,37.84187,-120.18491,41.72,9.59333,0.374445,2.515555,0.21889,1.147775,0.197225,0.002775,0.09667,0.001665,0.112775,0.00111,0.11611,206.35278,2.377225
4,9378170,37.84666,-109.36956,21.9,1.71611,0.26,0.792775,0.196665,0.48722,0.153335,0.03111,0.068885,0.025,0.076115,0.016665,0.061115,92.315555,1.89389
1,2028500,37.86959,-78.82335,245.45,11.531665,0.149445,4.44833,0.099445,2.83222,0.080555,0.07389,0.044445,0.049445,0.045,0.017775,0.04,475.688335,0.972225
7,6917000,38.01897,-94.71367,765.78,14.14396571,0.218414286,3.058891429,0.108252857,1.153015714,0.102857143,0,0.048411429,0,0.049364286,0,0.043172857,276.0350814,0.997618571
1,2011400,38.04235,-79.88144,407.72,9.687775,0.18111,4.11833,0.105,2.764445,0.07111,0.201665,0.046665,0.15722,0.04889,0.112225,0.045555,494.26611,0.985555
7,7014500,38.15853,-91.10846,3845.5,9.6247556,0.1669336,3.0540892,0.0892012,1.7642664,0.0892888,0.0811552,0.0456,0.0662224,0.052044,0.0406224,0.0461776,339.8908004,0.9116888
1,3182500,38.18595,-80.13062,1364.97,12.53160556,0.195925556,5.978023333,0.099382222,4.081727778,0.093455556,0.217408889,0.045554444,0.154074444,0.053333333,0.086048889,0.04432,669.0769122,1.016544444
1,2015700,38.1954,-79.57032,285.41,8.89741,0.176296667,3.778146667,0.11,2.60926,0.078146667,0.182963333,0.052223333,0.137776667,0.05037,0.0937,0.046296667,462.62111,0.926666667
5,7180500,38.19645,-96.82458,275.51,7.094445,0.170555,1.143335,0.095,0.443335,0.06222,0,0.050555,0,0.051665,0,0.04333,130.314445,1.046665
6,5595730,38.25394,-89.03979,236.76,15.41111,0.28222,4.22778,0.16111,1.85889,0.13889,0.00111,0.07,0,0.07333,0,0.06556,319.37778,1.87222
4,10234500,38.28053,-112.56827,236.42,6.90444,0.33333,3.41667,0.21333,2.00222,0.18111,0.16222,0.10111,0.12222,0.06889,0.09,0.06333,292.61556,2.22
1,3187500,38.29539,-80.52648,207.41,16.61333,0.27444,7.54778,0.12667,5.11222,0.10556,0.22222,0.05444,0.12778,0.05111,0.06111,0.05,814.33445,1.49333
7,1666500,38.32513,-78.09556,463.15,9.173335,0.15889,3.38389,0.08889,2.09611,0.075,0.087225,0.040555,0.053335,0.034445,0.02,0.036665,377.721115,0.713335
7,1667500,38.35041,-77.975,1209.75,9.94499875,0.1625,3.58361,0.097085,2.17041625,0.076945,0.083195,0.04347125,0.05041625,0.03972125,0.01861,0.0404175,390.0145863,0.7709725
1,3186500,38.379,-80.48397,329.68,16.102775,0.269445,7.752225,0.10222,5.210555,0.110555,0.24722,0.05278,0.16222,0.05778,0.071665,0.048335,839.249445,1.18056
7,6934000,38.38881,-91.81989,8264.9,10.04341736,0.161383396,3.017274528,0.090146981,1.694234906,0.08314434,0.085156981,0.04006283,0.062851321,0.048301698,0.040984906,0.044612075,343.2923902,0.832976981
6,5593575,38.44172,-89.41675,217.67,11.508335,0.417775,3.355,0.261115,1.72389,0.18944,0.001665,0.122775,0,0.099445,0.00222,0.115,296.978335,2.49
7,1664000,38.53068,-77.8136,1605.1,8.992525455,0.155152727,3.288485455,0.099394545,2.033231818,0.071718182,0.077981818,0.041717273,0.04899,0.041110909,0.017777273,0.04,363.9512136,0.757070909
1,3180500,38.54373,-79.83312,345.06,13.375555,0.22,6.40333,0.09611,4.482775,0.102775,0.24167,0.04278,0.162225,0.053335,0.089445,0.043885,723.99166,1.01778
5,6910800,38.56701,-95.96163,444.6,8.999256667,0.196666667,1.690003333,0.077036667,0.743703333,0.067406667,0.00148,0.041113333,0.00037,0.044816667,0,0.033703333,182.15778,0.88074
1,1632000,38.63706,-78.8528,543.36,8.300373333,0.214073333,3.23963,0.126666667,2.027036667,0.101853333,0.095183333,0.056296667,0.064813333,0.06111,0.04,0.04852,355.0540767,1.25
1,3237280,38.64369,-83.21574,32.95,11.154445,0.20389,4.23111,0.115,2.63722,0.086665,0.07833,0.048335,0.055555,0.065,0.02111,0.05889,423.22556,1.08333
7,1632900,38.69345,-78.64279,245.05,7.55889,0.166665,2.74056,0.09944,1.697775,0.086665,0.071115,0.048335,0.05722,0.04667,0.025555,0.045555,310.913335,1.09722
7,6906800,38.70225,-92.97883,1414.75,13.461333,0.251109,3.555223,0.123001,1.528109,0.110109,0.002554,0.053111,0.000111,0.062556,0,0.063888,305.546222,1.254444
5,6911900,38.71069,-95.83603,293.06,9.440555,0.16889,1.77889,0.07222,0.727225,0.058885,0.000555,0.03611,0,0.03889,0,0.03111,183.776665,0.807775
6,1487000,38.72833,-75.56186,187.41,8.27111,0.26889,3.22333,0.22778,2.35444,0.16,0.17889,0.07111,0.09333,0.07333,0.03444,0.06778,433.64,1.68778
7,3237500,38.80368,-83.42102,1003.21,15.66222333,0.186295,4.845555,0.087038333,2.495555,0.067593333,0.03722,0.050741667,0.027406667,0.05611,0.019075,0.043703333,431.22222,0.940925
6,3366500,38.80422,-85.67386,755.22,12.99095286,0.174285714,4.182222857,0.096825714,2.333332857,0.075554286,0.047618571,0.04365,0.032697143,0.056824286,0.01635,0.037778571,415.16651,0.952857143
1,3050000,38.80927,-79.88173,487.29,14.85667,0.228335,7.155,0.092225,4.855555,0.095555,0.244445,0.04722,0.16222,0.047775,0.079445,0.04222,781.97333,1.00389
6,3238500,38.85813,-83.92854,568.5,14.3830575,0.150555,4.29139,0.089165,2.1691675,0.068055,0.030555,0.0527775,0.02139,0.0475,0.0166675,0.0402775,382.6716675,0.8383325
4,9107000,38.86027,-106.5667,331.62,8.69389,0.32222,5.322225,0.18389,3.308335,0.15278,0.249445,0.091115,0.22611,0.09222,0.18,0.08667,441.265,1.807775
6,3291780,38.87811,-85.25718,71.41,15.21852,0.191483333,4.777036667,0.087776667,2.546666667,0.073333333,0.055926667,0.044816667,0.04,0.05111,0.02815,0.036296667,449.2877767,0.925926667
6,5592575,38.93699,-88.95284,115.25,13.98,0.21167,3.855555,0.135555,1.773335,0.099445,0.00222,0.059445,0,0.059445,0,0.04889,303.54444,1.44278
1,1606500,38.99122,-79.17587,1684.55,9.543666,0.212444,4.341222,0.104332,2.927111,0.083665,0.180001,0.05678,0.134333,0.053556,0.086556,0.048555,502.397224,0.980555
6,1491000,38.99719,-75.78581,292.04,7.57,0.41222,3.149445,0.236665,2.445,0.158335,0.19,0.07944,0.104445,0.09222,0.045555,0.07778,440.21389,1.590555
6,5514500,39.0088,-90.97754,2407.41,11.41013875,0.173610625,2.996736875,0.0840975,1.289236875,0.0825,0.003471875,0.04340375,0.000555,0.04173625,0,0.043194375,260.7845131,0.902221875
6,3346000,39.01004,-87.94559,814.69,14.472666,0.243334,4.312224,0.132222,2.056666,0.098888,0.008222,0.060886,0.003556,0.057334,0.003112,0.060444,346.509998,1.47089
7,1644000,39.01955,-77.57749,859.17,9.389554,0.175554,3.034668,0.103556,1.873556,0.077998,0.069556,0.042444,0.036888,0.051558,0.013334,0.046446,355.571558,0.891334
6,6878000,39.03111,-97.04029,776.42,5.751332,0.209778,0.822448,0.092,0.311554,0.089334,0,0.047556,0,0.047556,0,0.049112,99.600666,1.154222
7,6888500,39.06265,-96.15025,842.35,8.294222,0.234222,1.545554,0.086222,0.69,0.082446,0.004666,0.043332,0.000222,0.056222,0,0.039774,170.12778,1.017778
1,3159540,39.06369,-81.8818,400.85,9.719445,0.1438925,3.7075,0.0858325,2.2816675,0.068335,0.0769425,0.0388875,0.0549975,0.0491675,0.0216675,0.0458325,389.0205575,0.8650025
1,1634500,39.08122,-78.32945,263.98,8.31556,0.12222,2.91778,0.08444,1.71556,0.06778,0.06333,0.05,0.04778,0.04222,0.02333,0.03333,316.86111,0.97556
6,6892000,39.11633,-95.01088,1092.72,11.9383325,0.2040275,2.7011125,0.1016675,0.9940275,0.09027875,0.00902875,0.046665,0,0.04902875,0,0.0388875,254.5847225,1.07736125
1,3069500,39.12288,-79.68117,1856.85,12.86142786,0.215237143,6.204761429,0.103331429,4.236269286,0.106983571,0.21976,0.050397143,0.152065,0.053412857,0.080395714,0.045713571,695.67865,1.072777857
1,3066000,39.12705,-79.46838,222.79,12.11222333,0.208146667,5.674073333,0.138886667,3.85148,0.137406667,0.218146667,0.064073333,0.15778,0.061853333,0.09148,0.0537,652.77852,1.214446667
6,6876700,39.13907,-97.83696,1056.44,2.95889,0.250743333,0.343888333,0.103703333,0.131296667,0.102408333,0,0.054073333,0,0.049075,0,0.055183333,57.27388667,1.101851667
6,5593900,39.14894,-89.35231,145.45,12.286115,0.205555,3.492775,0.11611,1.62889,0.102775,0.003335,0.05889,0.000555,0.054445,0,0.06611,294.836665,1.33611
4,11451100,39.16545,-122.61999,155.09,20.28889,0.33111,6.61778,0.21889,3.20778,0.13,0.02667,0.07444,0.00889,0.09667,0.00667,0.07667,513.83111,2.00444
4,9081600,39.23221,-107.22727,432.89,11.10926,0.34926,6.991113333,0.244443333,4.966296667,0.22,0.257036667,0.07852,0.247036667,0.083703333,0.18667,0.07963,620.3311033,2.249256667
7,1638480,39.25455,-77.57638,232,9.52667,0.17444,2.95111,0.10222,1.83222,0.08111,0.07333,0.04444,0.03556,0.04778,0.01444,0.04556,356.52111,0.83889
7,1591400,39.25597,-77.05106,59.09,8.65222,0.31222,3.39222,0.13444,2.18,0.10556,0.18556,0.08444,0.12111,0.08,0.06889,0.07222,424.15556,1.53556
1,1594950,39.27669,-79.39031,6.12,11.48778,0.2,5.65111,0.11556,3.72222,0.10889,0.22111,0.04889,0.16222,0.06222,0.09,0.05444,634.91778,0.93111
7,1411300,39.30694,-74.82056,79.32,6.1527775,0.443885,2.859445,0.273335,2.183055,0.16222,0.209445,0.1208325,0.1408325,0.0913875,0.1022225,0.1113875,383.7652775,1.9252775
2,11468500,39.42822,-123.73779,273.51,29.54888667,0.347036667,10.72370333,0.205926667,5.94074,0.203703333,0.064813333,0.109256667,0.03889,0.097406667,0.032223333,0.07926,936.2800067,2.017776667
6,5507600,39.43143,-91.67627,275.38,12.94556,0.2,3.30222,0.13222,1.48889,0.09667,0,0.05556,0,0.05667,0,0.05222,284.47889,1.25889
4,10343500,39.43157,-120.23798,27.6,9.618885,0.430555,5.695,0.28,3.56611,0.186665,0.152225,0.118335,0.141665,0.10222,0.09778,0.1,454.21056,2.339445
7,1586610,39.45189,-76.95531,72.7,9.4625,0.2041675,3.3941675,0.09389,2.239165,0.0877775,0.1672225,0.039445,0.116665,0.0380525,0.0583375,0.0397225,430.036665,0.7036075
6,5591550,39.5067,-88.52756,96.21,11.14689,0.312442,3.39489,0.186444,1.935112,0.142888,0.009998,0.098442,0.002668,0.071334,0.000222,0.09178,299.729334,1.792
6,5508805,39.52046,-91.34275,536.4,12.33926,0.19037,3.292593333,0.119996667,1.438146667,0.084076667,0.003333333,0.046296667,0.00148,0.053703333,0.00037,0.04889,280.19741,1.094073333
6,5503800,39.58483,-91.99349,212.64,13.76333,0.18556,3.37556,0.11556,1.41889,0.08,0,0.04444,0,0.04778,0,0.04889,288.23778,0.91556
4,9066000,39.59638,-106.26503,32.41,8.868335,0.270555,5.135,0.143335,3.17,0.163335,0.166665,0.06889,0.162775,0.064445,0.11722,0.06,388.635555,1.603885
7,1639500,39.61236,-77.23744,267.18,10.60278,0.19,3.633885,0.088335,2.31389,0.09389,0.13667,0.035,0.093885,0.03833,0.05,0.036115,438.13722,0.74611
1,3070500,39.61564,-79.70477,517.38,11.919445,0.135,5.434445,0.10611,3.696665,0.09,0.17333,0.04111,0.108335,0.049445,0.06333,0.052225,609.69333,0.99389
4,9065500,39.62582,-106.27808,37.78,8.7877775,0.2777775,5.1341675,0.1483325,3.2863875,0.1675,0.159165,0.0675025,0.15222,0.0672225,0.1116675,0.0602775,391.789445,1.6425
7,1580000,39.62997,-76.40331,244.37,9.455,0.219445,3.403335,0.098335,2.310555,0.093335,0.20222,0.05111,0.142225,0.04278,0.075555,0.048335,448.17944,0.85111
4,9066300,39.64582,-106.38225,15.52,9.261665,0.273335,5.32889,0.169445,3.431665,0.18222,0.173335,0.07,0.151665,0.065,0.111115,0.06,407.313335,1.55667
4,9066200,39.64832,-106.32308,16.1,10.27222,0.26889,6.12778,0.16333,4.04111,0.17333,0.18111,0.06556,0.16111,0.06111,0.12556,0.05667,475.16222,1.59667
1,3076600,39.65614,-79.39411,127.4,11.22778,0.16111,5.56111,0.10333,3.77333,0.1,0.20333,0.05444,0.14111,0.05444,0.08667,0.04222,639.50444,0.81444
6,6885500,39.68192,-96.44289,1062.87,7.508195,0.22597125,1.491805,0.11472375,0.59305625,0.08388875,0.00611125,0.04374875,0,0.04624875,0,0.04889,163.4197238,1.153055
2,11473900,39.70627,-123.32529,1925.01,23.83050636,0.350808182,9.451515455,0.197070909,5.936867273,0.173535455,0.145556364,0.092526364,0.086767273,0.104040909,0.044343636,0.084040909,965.4183927,2.128788182
6,3241500,39.72284,-83.88271,170.91,11.19444429,0.169048571,3.526984286,0.106508571,1.743651429,0.084922857,0.023491429,0.05127,0.015395714,0.050158571,0.011428571,0.05238,308.2906343,1.10873
2,11475560,39.7296,-123.64391,16.79,36.10722,0.482775,14.793335,0.334445,8.40611,0.250555,0.096665,0.12889,0.08,0.12389,0.04667,0.123335,1192.02055,3.182225
6,6847900,39.76985,-100.10078,1536.19,0.926768182,0.309495455,0.093232727,0.12808,0.070909091,0.098484545,0,0.058384545,0,0.073030909,0,0.073432727,20.51424091,1.441615455
4,9035900,39.79582,-106.03057,72.84,6.066666667,0.33778,3.394073333,0.180003333,2.093703333,0.156296667,0.11037,0.075556667,0.106296667,0.084813333,0.07778,0.069263333,275.71593,2.02889
4,9035800,39.80054,-106.02641,22.94,6.099445,0.336115,3.46,0.184445,2.110555,0.149445,0.12722,0.068885,0.123335,0.084445,0.092225,0.068335,269.546665,2.05111
6,3340800,39.81255,-86.9539,357.65,12.04111,0.204073333,3.9637,0.11926,2.27926,0.097776667,0.03889,0.05889,0.025186667,0.05296,0.01185,0.055186667,372.0270367,1.220743333
6,5501000,39.81799,-91.5177,922.83,11.88635,0.172541429,3.372697143,0.101428571,1.470632857,0.073492857,0.011111429,0.036984286,0.002857143,0.041588571,0.000317143,0.038572857,293.80635,0.816032857
4,9312600,39.87579,-111.03739,195.29,2.96222,0.29222,1.32778,0.15667,0.76778,0.14333,0.04556,0.06222,0.03111,0.06778,0.02222,0.06444,121.34333,1.43333
1,1613050,39.89842,-78.13223,27.9,9.22778,0.19222,3.44333,0.11111,2.06,0.07222,0.05222,0.04778,0.03222,0.04667,0.01556,0.03889,356.81223,0.90111
6,6853800,39.89925,-98.25043,589.43,2.4791675,0.2386125,0.3208325,0.11361,0.1655575,0.0808325,0,0.061665,0,0.053055,0,0.059445,58.1158325,1.255555
6,6814000,39.94778,-96.10862,713.83,6.41089,0.206,1.312892,0.109334,0.550444,0.092668,0.009112,0.043332,0,0.044668,0,0.046888,153.21289,1.2
6,5585000,40.02477,-90.63179,3354.61,10.31681818,0.196313182,3.134394091,0.113080455,1.489595455,0.080957727,0.013686818,0.042827727,0.003939091,0.049747273,0.000555,0.037929091,282.1746955,0.969495
2,11381500,40.0546,-122.02415,337.63,14.17963,0.400743333,6.05037,0.22963,3.575553333,0.195186667,0.194446667,0.093703333,0.188146667,0.105926667,0.124446667,0.084813333,618.0340733,2.727776667
7,3144000,40.13257,-82.14792,363.41,9.420373333,0.165183333,3.716663333,0.101853333,2.303333333,0.088516667,0.116293333,0.041483333,0.082593333,0.05,0.03778,0.047406667,422.3296333,0.90074
6,3338780,40.26531,-87.6428,691.56,11.069778,0.18889,3.426668,0.144,1.748,0.083112,0.01578,0.050666,0.011776,0.058224,0.00333,0.05311,298.741556,1.208666
2,11480390,40.28431,-123.3353,242.6,24.96556,0.40444,10.50111,0.28444,6.98778,0.24667,0.11778,0.10889,0.06,0.11,0.03222,0.12556,992.06889,2.96
1,1568000,40.32342,-77.16887,534.39,10.94611,0.225555,4.17889,0.1322225,2.55611,0.110555,0.10639,0.0536075,0.066945,0.0597225,0.035835,0.049165,426.605,1.13917
6,5584500,40.33032,-90.89624,1695.67,10.14424182,0.207171818,3.155454545,0.11606,1.534140909,0.086361818,0.014544545,0.043939091,0.00404,0.053231818,0.000504545,0.040100909,284.2592918,1.039899091
2,11476600,40.35125,-124.00393,71.85,41.51111,0.38,17.86556,0.3,10.79667,0.20111,0.14889,0.11222,0.11778,0.09667,0.08333,0.08,1542.56999,2.40889
7,3140000,40.36285,-81.86236,70.35,8.55444,0.18333,3.41778,0.11,2.21667,0.09889,0.11667,0.03889,0.07222,0.04444,0.04111,0.05889,424.54889,0.75889
1,1567500,40.37092,-77.40221,38.77,10.5922225,0.2127775,4.1291675,0.12639,2.5697225,0.1033325,0.108335,0.0519425,0.07,0.058055,0.03889,0.046665,428.357225,1.058055
6,5495000,40.39241,-91.59788,1027.55,10.22926,0.150923333,2.745185,0.084075,1.207221667,0.064443333,0.015743333,0.037961667,0.006851667,0.036295,0.001296667,0.037221667,256.8994467,0.822961667
2,11478500,40.48042,-123.89088,572.38,29.05089,0.240668,12.300888,0.18889,7.68422,0.145112,0.133112,0.07911,0.09089,0.075556,0.053334,0.07489,1192.402442,1.7
4,6614800,40.49609,-105.86501,4.03,10.502775,0.236665,6.463885,0.141665,4.062775,0.12778,0.189445,0.054445,0.16,0.060555,0.11167,0.054445,506.758335,1.31
6,5525500,40.63004,-87.72392,1158.76,10.10888857,0.216032857,3.388095714,0.141745714,1.846827143,0.092538571,0.015712857,0.062222857,0.010477143,0.063811429,0.003014286,0.071745714,292.5950771,1.337621429
2,11528700,40.64986,-123.4942,1980.08,20.89709308,0.337436154,8.590685385,0.204187692,5.353675385,0.187777692,0.083761538,0.093931538,0.061110769,0.098205385,0.028033077,0.086922308,806.82026,1.974613846
1,3049000,40.7159,-79.69949,357.15,8.68611,0.140555,4.01278,0.08778,2.67167,0.085,0.17,0.03222,0.111665,0.044445,0.05333,0.04667,469.53611,0.979445
6,4196800,40.92283,-83.34881,608.07,9.655923333,0.258146667,3.414076667,0.172593333,1.70185,0.124076667,0.01815,0.07074,0.01074,0.07074,0.004076667,0.064446667,277.3866667,1.235183333
6,6903400,40.95189,-93.25985,481.42,8.87259,0.124073333,2.35815,0.06889,1.12259,0.054446667,0.02963,0.033333333,0.01852,0.041853333,0.01148,0.030743333,243.8355567,0.817036667
2,11481200,41.01096,-124.08173,105.4,24.0397225,0.444165,10.40639,0.2769425,6.548055,0.2575,0.162225,0.123885,0.09611,0.1319425,0.088055,0.106665,976.4963925,2.953055
6,6803530,41.0157,-96.54428,309.75,5.96167,0.29778,1.29278,0.14611,0.625555,0.109445,0.00778,0.06111,0.00222,0.05889,0,0.06111,156.610555,1.463885
6,4197100,41.02228,-83.10964,388.21,11.627225,0.215555,3.93,0.18,1.932225,0.105,0.02,0.06111,0.01111,0.065,0.006665,0.044445,321.69333,1.306665
4,6623800,41.02358,-106.82477,187.66,10.07222,0.30333,5.79333,0.22889,3.48889,0.19889,0.22222,0.08222,0.16778,0.07333,0.14444,0.07444,430.45444,2.15222
1,1547700,41.05951,-77.60583,113.54,9.44889,0.15667,4.26333,0.10778,2.80222,0.08667,0.15667,0.04778,0.10778,0.05333,0.05111,0.04889,451.51223,0.96778
1,1539000,41.07814,-76.43106,701.78,11.725556,0.174444,4.90911,0.09422,3.182,0.070224,0.140666,0.041334,0.096666,0.041998,0.05689,0.04178,531.511778,0.756224
1,1439500,41.08815,-75.03767,305.88,13.40296333,0.187406667,6.134446667,0.131483333,4.176296667,0.105923333,0.23185,0.045553333,0.17074,0.04259,0.109256667,0.04889,691.4081433,1.258516667
2,11523200,41.11126,-122.70558,382.94,17.92889,0.345,9.725,0.19611,6.847775,0.15333,0.36833,0.10389,0.249445,0.092225,0.150555,0.080555,1051.834455,2.149445
6,4197170,41.11367,-83.16825,95.21,11.56556,0.23333,3.94667,0.19222,1.75778,0.09333,0.01556,0.06222,0.01,0.06778,0.00556,0.04111,309.72667,0.94333
6,5466500,41.18698,-90.96737,1151.57,9.749047143,0.238252857,2.925397143,0.145397143,1.503808571,0.096982857,0.024285714,0.05635,0.01365,0.063332857,0.005712857,0.052381429,289.3995214,1.244602857
6,5489000,41.219,-92.90853,964.76,10.13381,0.178888571,2.840635714,0.100477143,1.383491429,0.09127,0.042858571,0.049524286,0.026984286,0.049364286,0.01492,0.058732857,286.7857143,1.182697143
6,5487980,41.24688,-93.26607,882.73,9.062444,0.140666,2.482222,0.075556,1.166666,0.068002,0.037778,0.03578,0.02289,0.040446,0.01333,0.039998,256.792892,0.852666
2,11482500,41.29929,-124.05118,718.04,27.52049857,0.36034,12.01739286,0.241222857,7.623855714,0.226962857,0.167597143,0.115034286,0.113538571,0.107551429,0.08542,0.098775714,1071.816481,2.740181429
6,5488200,41.30055,-93.04548,234.21,11.67444,0.22444,3.35444,0.11333,1.67333,0.11556,0.05444,0.05667,0.03778,0.05444,0.02222,0.06889,327.66111,1.55667
1,1543500,41.31728,-78.10306,1778.26,12.33060636,0.173534545,5.440302727,0.095352727,3.635151818,0.081514545,0.171514545,0.045656364,0.114746364,0.050304545,0.071515455,0.044747273,582.0693936,0.891818182
1,1552000,41.32508,-76.91246,1129.49,10.91284,0.139135556,4.650246667,0.083827778,3.108888889,0.058765556,0.142098889,0.036417778,0.100741111,0.040988889,0.058392222,0.034567778,517.4212322,0.818888889
6,5556500,41.36587,-89.49843,505.09,9.064666,0.252444,2.984666,0.169112,1.59,0.077332,0.035334,0.056668,0.021554,0.05689,0.01,0.04911,287.500444,0.936224
2,11522500,41.37763,-123.47756,1943.12,22.32820615,0.428717692,10.35658231,0.256837692,7.052734615,0.239486923,0.286922308,0.111795385,0.194956154,0.108803077,0.123076923,0.092479231,1055.215554,2.401197692
1,1543000,41.4134,-78.19695,705.5,12.4972225,0.1822225,5.4433325,0.101945,3.6391675,0.088055,0.1683325,0.0502775,0.10722,0.054445,0.0677775,0.048335,582.3452775,0.95389
1,1550000,41.41841,-77.03275,452.68,9.47222,0.13074,3.935183333,0.082963333,2.626296667,0.060003333,0.117036667,0.036666667,0.082963333,0.036666667,0.0463,0.03222,451.98037,0.734073333
1,1549500,41.47368,-77.23081,97.49,9.75472,0.15111,4.0533325,0.0938875,2.665555,0.0672225,0.1169425,0.0413875,0.0802775,0.0419425,0.0447225,0.035555,453.9522225,0.830555
6,4185000,41.5045,-84.42967,1064,9.3358325,0.22624875,3.2765275,0.13305625,1.63027625,0.09486,0.02666625,0.06069375,0.01624875,0.0658325,0.00861125,0.0484725,269.8126388,1.140555
1,1548500,41.52174,-77.44748,1557.05,9.565126923,0.147777692,4.064443077,0.08547,2.725213846,0.069829231,0.125298462,0.042647692,0.085813077,0.044103077,0.05154,0.037777692,451.2370938,0.804272308
1,1542810,41.57895,-78.29251,13.62,12.36,0.17,5.506665,0.08278,3.67778,0.07111,0.167775,0.044445,0.113885,0.04611,0.065,0.04111,596.585555,0.805555
4,6632400,41.58525,-106.22279,162.99,6.04556,0.39222,3.46667,0.22667,1.81333,0.18778,0.12111,0.11889,0.08444,0.10667,0.06778,0.10667,249.47667,2.14222
1,3026500,41.63117,-78.57669,20.31,13.02296333,0.166666667,6.033703333,0.08037,4.126296667,0.069996667,0.21778,0.03889,0.157776667,0.03926,0.085183333,0.03037,662.9403667,0.834076667
1,1532000,41.70702,-76.48467,553.94,8.888146667,0.135183333,3.663333333,0.086663333,2.45889,0.06852,0.12074,0.03741,0.088146667,0.034443333,0.05111,0.035556667,422.7611067,0.694443333
1,3011800,41.76645,-78.71864,100.1,13.13444,0.18,6.14556,0.08111,4.13,0.07111,0.21333,0.04,0.15222,0.04222,0.08,0.03333,658.45112,0.84111
1,1516500,41.79091,-77.01469,31.48,8.06259,0.14074,3.314443333,0.093333333,2.199996667,0.069626667,0.111853333,0.04074,0.084446667,0.041483333,0.047036667,0.037776667,382.83185,0.73037
2,11532500,41.7915,-124.07619,1577.96,34.871557,0.367223,15.117335,0.262221,9.734111,0.220555,0.221334,0.113222,0.151888,0.096112,0.099666,0.103999,1537.270332,2.55111
6,5444000,41.90281,-89.69622,376.35,8.528335,0.180555,2.85778,0.200555,1.71778,0.07611,0.067775,0.067225,0.045,0.061665,0.02389,0.052225,316.539445,1.007775
1,1518862,41.92313,-77.53193,233.91,8.517775,0.11,3.71111,0.075,2.51278,0.067225,0.131665,0.041665,0.091665,0.03778,0.060555,0.03389,421.28278,0.64222
4,13161500,41.93324,-115.67453,986.13,2.00402875,0.32139,1.024445,0.15472125,0.5933325,0.171945,0.0526375,0.07180375,0.03514,0.0776375,0.03236,0.0659725,98.6241675,1.793335
1,3010655,41.96173,-78.19807,254.44,10.50666667,0.14148,4.570366667,0.075186667,3.080743333,0.063703333,0.144073333,0.04074,0.097406667,0.04333,0.057773333,0.03926,510.56074,0.59963
1,1187300,42.03732,-72.93899,53.92,14.35778,0.18222,6.65,0.11,4.37111,0.1,0.19,0.04889,0.14556,0.05111,0.07,0.03889,721.23888,0.91444
4,9210500,42.09605,-110.41656,398.31,4.661665,0.36111,2.42778,0.21,1.24667,0.183885,0.05111,0.085555,0.03833,0.09389,0.035,0.07667,172.057775,2.00722
4,9223000,42.11049,-110.70962,333.15,7.15167,0.284445,3.985555,0.207775,2.45278,0.19278,0.14222,0.07889,0.116115,0.07222,0.09889,0.065555,303.78611,1.797775
1,1415000,42.12009,-74.81849,85.63,12.76333,0.11444,5.59111,0.05444,3.76889,0.04667,0.16222,0.02778,0.10667,0.03556,0.06778,0.02333,625.75444,0.54222
1,4221000,42.12229,-77.95722,750.88,8.943335,0.11361,3.8838925,0.0744425,2.62111,0.0597225,0.14889,0.038055,0.11111,0.035555,0.065555,0.0297225,446.766945,0.621945
2,14400000,42.12344,-124.18731,702.63,37.059776,0.382666,15.646886,0.278886,9.812666,0.232222,0.193998,0.100666,0.125334,0.09089,0.082668,0.099112,1646.920004,2.866668
1,1423000,42.1662,-75.13989,859.68,11.86889,0.124165,5.2794475,0.0738875,3.6125,0.06,0.1775,0.0355575,0.1191675,0.0375025,0.078335,0.0291675,588.14833,0.5708325
1,1181000,42.23731,-72.89565,243.5,12.99556,0.21333,6.30556,0.12222,4.25444,0.1,0.26,0.04889,0.18556,0.06556,0.11,0.03778,695.28222,1.19444
1,1350000,42.31953,-74.43654,612.51,15.307112,0.15111,6.738,0.094666,4.553334,0.071778,0.224446,0.042888,0.153558,0.04311,0.101778,0.039112,741.719996,0.830226
6,6601000,42.32158,-96.48768,450.2,3.791113333,0.29222,0.83148,0.18926,0.51111,0.107406667,0.02148,0.063703333,0.01111,0.062593333,0,0.05926,112.66852,1.44889
1,4233000,42.39313,-76.54494,91.9,8.38556,0.13667,3.73667,0.08667,2.46444,0.04889,0.13889,0.03778,0.10222,0.03889,0.05556,0.03667,422.99555,0.84
1,4224775,42.53562,-77.70416,231.84,9.06889,0.13111,3.93222,0.08111,2.56556,0.05444,0.13778,0.03222,0.10222,0.04,0.05667,0.03,441.04111,0.84333
1,1510000,42.54118,-75.89964,382.99,12.88,0.153335,5.817225,0.078335,3.715,0.053335,0.18722,0.04611,0.13222,0.043335,0.071665,0.036665,612.40722,0.765555
1,1169000,42.63842,-72.72509,230.64,14.94222333,0.196296667,7.017036667,0.108146667,4.67704,0.08185,0.249256667,0.043333333,0.197403333,0.054443333,0.108146667,0.051113333,772.08445,1.074816667
1,1333000,42.70897,-73.19677,112.16,13.14333,0.21667,6.22667,0.12556,4.22333,0.12222,0.3,0.06,0.21778,0.06,0.13556,0.06222,681.14889,1.15222
6,5414000,42.7311,-90.64041,370.79,5.964446667,0.164443333,2.05741,0.104446667,1.292223333,0.07926,0.13889,0.052223333,0.11222,0.042963333,0.073333333,0.04222,275.87259,0.834813333
2,14309500,42.804,-123.61091,224.92,30.254445,0.298335,12.74111,0.17611,8.50889,0.163335,0.17278,0.089445,0.14333,0.07778,0.09389,0.07611,1268.012765,1.90778
5,6453600,42.81099,-98.17586,2101.42,1.985070625,0.28479125,0.443055625,0.13576375,0.1775,0.1384025,0.00305625,0.07631875,0.003055625,0.08132,0.00069375,0.057360625,46.06666625,1.62368125
1,4216418,42.86395,-78.28363,196.47,11.42889,0.30611,4.676115,0.128335,2.761665,0.138335,0.178885,0.095,0.151665,0.07,0.08111,0.084445,477.292225,1.479445
2,14325000,42.8915,-124.07065,443.07,34.3,0.291113333,15.20481667,0.207776667,9.954816667,0.155553333,0.192963333,0.087776667,0.157406667,0.077776667,0.112593333,0.082593333,1394.735923,1.72111
5,6464500,43.02889,-99.78067,2914.04,1.128836667,0.216878571,0.241799524,0.104867143,0.099999524,0.124602857,0.005237619,0.053703333,0.000317143,0.055767619,0.000264286,0.047512381,28.05481571,1.37973619
6,5458000,43.03328,-92.50354,776.76,7.335926667,0.222406667,2.54185,0.130926667,1.433888333,0.092961667,0.065738333,0.058888333,0.046296667,0.063148333,0.02889,0.05815,247.805,1.402036667
4,13023000,43.14278,-110.97667,1161.93,10.35555333,0.277406667,5.865556667,0.177776667,3.887593333,0.16722,0.255183333,0.083888333,0.218705,0.066481667,0.168333333,0.05426,491.6364817,1.66389
4,6224000,43.1769,-109.20291,484.86,8.990555,0.313335,4.73611,0.21222,2.81889,0.15833,0.130555,0.080555,0.12167,0.07667,0.09611,0.077225,388.00167,1.767775
6,4115265,43.24976,-84.98113,95.78,4.90556,0.20778,2.33222,0.11,1.49111,0.09889,0.19111,0.05,0.14889,0.06222,0.09778,0.05111,285.59445,1.15333
4,6221400,43.34551,-109.41014,227.88,9.32111,0.32889,5.30444,0.22333,3.52333,0.16556,0.11556,0.08222,0.11333,0.09444,0.08222,0.07,442.51445,1.95333
2,14316700,43.34984,-122.72894,587.9,24.889445,0.33611,11.425555,0.165555,8.2961125,0.16722,0.3025,0.0966675,0.2480575,0.0811075,0.185555,0.0763875,1189.68361,2.2944475
1,1078000,43.56646,-71.74786,222.46,12.217775,0.13389,5.657775,0.078885,3.700555,0.068335,0.195,0.046665,0.135,0.04778,0.080555,0.039445,598.380555,0.820555
7,5408000,43.57414,-90.64319,689.33,6.1424975,0.18389,2.2286125,0.111945,1.36222,0.0797225,0.115,0.0524975,0.0969425,0.059445,0.0552775,0.054445,281.28722,1.1397225
5,6450500,43.60139,-100.74986,4111.27,0.830153448,0.308926552,0.200881034,0.14069,0.104062069,0.156245517,0.008045862,0.070688966,0.003792414,0.066053103,0.00226069,0.054406207,26.42992345,1.494176552
1,1144000,43.71424,-72.41815,1790.24,14.42683692,0.170085385,6.861282308,0.119316154,4.430084615,0.107008462,0.256753077,0.054188462,0.193162308,0.053246923,0.113760769,0.055642308,709.9841877,1.113846923
2,14154500,43.73596,-122.8734,546.81,27.85259333,0.365926667,12.55111,0.1763,9.09111,0.176296667,0.299626667,0.091113333,0.25037,0.075926667,0.183703333,0.084446667,1327.479623,2.17148
5,6452000,43.74833,-99.55649,25791.04,0.939426413,0.272584511,0.183381413,0.135923859,0.103985435,0.147192174,0.003429402,0.06569413,0.001448641,0.066751033,0.000501087,0.056569946,23.06469201,1.475338315
5,6447000,43.7525,-101.52487,12849.71,0.817826413,0.276992826,0.157161522,0.142511848,0.103043261,0.150507283,0.003332826,0.069577174,0.001110652,0.067958913,0.000265435,0.058393696,20.60086935,1.580857717
6,6477500,43.7764,-98.24567,1512.44,1.860908182,0.235555455,0.360404545,0.152626364,0.134644545,0.101920909,0,0.05485,0,0.052222727,0,0.0501,33.92404091,1.246060909
4,6406000,43.82805,-103.19602,436.34,1.3930575,0.3002775,0.5041675,0.1391675,0.30111,0.1275,0.0199975,0.0730575,0.0108325,0.0927775,0.007775,0.0622225,54.0483325,1.599165
4,13011900,43.83806,-110.44111,851.8,10.36888857,0.292541429,6.169205714,0.173491429,4.288094286,0.150634286,0.284285714,0.069207143,0.264601429,0.069207143,0.214602857,0.069524286,545.4834929,1.775871429
4,13011500,43.85028,-110.51778,404.08,9.717225,0.34667,5.18,0.180555,3.436665,0.169445,0.344445,0.09222,0.29278,0.076665,0.25611,0.067225,517.19278,2.06056
4,6404000,43.87249,-103.33658,151.83,1.43778,0.29778,0.64556,0.15778,0.35222,0.11556,0.03222,0.07667,0.02,0.09333,0.01333,0.05667,68.89111,1.39333
1,4122500,43.94501,-86.27869,1769.19,5.0589825,0.25787,2.6904625,0.137315833,1.906110833,0.111018333,0.336018333,0.069906667,0.291111667,0.0795375,0.241481667,0.080370833,373.4650925,1.38361
5,6440200,43.96888,-101.76709,649.19,1.033778,0.288668,0.129778,0.131334,0.07378,0.147552,0.000444,0.066222,0.000222,0.067334,0,0.059332,13.924886,1.45911
4,6409000,44.01359,-103.83048,205.33,1.825,0.23556,1.045,0.13333,0.634445,0.12222,0.077225,0.06167,0.055,0.075,0.04111,0.062775,104.425555,1.39722
4,13235000,44.08528,-115.62222,1163.23,9.666666667,0.298395556,5.649505556,0.169013333,4.045186667,0.165678889,0.24284,0.090616667,0.234938889,0.079135556,0.18284,0.077653333,524.50901,1.849631111
4,6280300,44.20828,-109.55489,793.95,9.75889,0.35222,5.968888333,0.222961667,4.234258333,0.182036667,0.203888333,0.08037,0.186111667,0.084445,0.139075,0.079258333,535.9290717,2.460555
2,14306340,44.2479,-123.63649,14.73,38.6322225,0.270835,18.1627775,0.176945,12.063055,0.15639,0.24028,0.07278,0.1955575,0.0719425,0.15,0.06389,1718.795557,1.515
5,6441500,44.32665,-100.3843,8152.55,1.063199138,0.249407241,0.152835345,0.112030517,0.077491034,0.139807759,0.000669828,0.05645569,0.000191379,0.067682241,3.82759E-05,0.059769828,16.38821759,1.321111207
2,14158790,44.33457,-122.04701,40.57,26.6202775,0.284445,12.6036125,0.128055,9.4805525,0.150555,0.69389,0.064165,0.58361,0.0875,0.425,0.0669475,1574.605838,2.00028
2,14306500,44.38595,-123.83178,857.16,40.05889,0.30311,19.199778,0.184002,12.956442,0.16667,0.310222,0.076222,0.249334,0.07511,0.192224,0.071334,1845.1009,1.730666
1,1054200,44.39044,-70.97964,180.98,15.188335,0.238335,7.071665,0.15278,4.63889,0.107225,0.27833,0.07111,0.212225,0.07278,0.11222,0.05778,734.071105,1.72611
2,14185000,44.39179,-122.49758,458.18,33.16889,0.314446667,15.32296333,0.162593333,10.98777667,0.153333333,0.475183333,0.075926667,0.401853333,0.082963333,0.296296667,0.071483333,1714.126297,1.783333333
4,6431500,44.48248,-103.86159,427.1,2.033885,0.222775,1.288335,0.14278,0.827225,0.1,0.130555,0.05333,0.098335,0.067225,0.07722,0.066665,146.189995,1.019445
4,6278300,44.50802,-107.40369,58.85,7.8858325,0.2969475,4.2008325,0.15361,2.680555,0.124445,0.15389,0.059445,0.1383325,0.0586075,0.11611,0.06389,367.0475,1.739165
2,14185900,44.54012,-122.43591,258.2,38.14444667,0.398146667,17.73518667,0.204443333,12.38592667,0.15963,0.520743333,0.079626667,0.44,0.087406667,0.310736667,0.072963333,1919.981483,1.857776667
1,1055000,44.64275,-70.58878,250.64,15.23167,0.18833,7.148885,0.10611,4.727225,0.081115,0.23667,0.048885,0.19278,0.053885,0.10722,0.048335,730.611665,1.195555
4,6037500,44.65687,-111.06827,1126.25,6.708055,0.3369425,3.9206925,0.2145825,2.568055,0.18916625,0.5240275,0.10958375,0.47874875,0.1004175,0.4509725,0.08916625,471.9594412,2.37430625
2,14305500,44.71512,-123.88733,526.33,46.13389,0.4597225,20.9636125,0.3130575,15.7738875,0.241945,0.5197225,0.125555,0.3944425,0.115555,0.29583,0.106945,2364.414148,3.086945
6,5399500,44.82191,-90.07958,576.3,7.7511125,0.24111,2.6086125,0.1288875,1.43,0.11972,0.05639,0.0730525,0.0513875,0.0627775,0.0316675,0.0491675,256.98639,1.5541675
1,4296000,44.86894,-72.2701,302.19,12.920555,0.148335,6.50833,0.09389,4.223885,0.110555,0.330555,0.045,0.265555,0.052775,0.15278,0.04611,702.77111,0.801665
1,1047000,44.8692,-69.9551,909.1,14.20425833,0.174073333,6.865368333,0.094073333,4.450925,0.072036667,0.220185,0.044073333,0.17537,0.054443333,0.100926667,0.045,682.4314783,0.997778333
2,13240000,44.91361,-115.99722,125.57,11.75667,0.30111,6.96333,0.15556,4.89,0.13111,0.24,0.06778,0.20778,0.07,0.16667,0.06556,622.07222,1.84
4,6188000,44.92772,-110.39381,1730.28,7.476222,0.296666,4.210335,0.172,2.972888,0.157445,0.173666,0.070667,0.176778,0.077222,0.112667,0.06778,387.312668,2.010223
2,13313000,44.96167,-115.5,561.94,9.831112,0.294,5.933334,0.186,3.861332,0.154444,0.236666,0.083776,0.221112,0.073556,0.179334,0.076446,511.736448,2.079112
2,13310700,44.98694,-115.725,853.13,9.484631667,0.268333333,5.54111,0.177961667,3.897591667,0.151296667,0.236296667,0.07426,0.206111667,0.073705,0.169815,0.075371667,489.8333383,1.706481667
4,6289000,45.00691,-107.61509,471.27,5.96139,0.278055,3.1402775,0.1747225,2.0727775,0.1394475,0.141665,0.07861,0.1327775,0.0777775,0.1041675,0.0777775,274.9597225,1.805
4,6191500,45.11188,-110.79438,6783.59,7.980297805,0.305799268,4.643143659,0.188536341,3.203712683,0.161029512,0.248618293,0.082493415,0.232737073,0.081653171,0.183279756,0.071789024,438.0886724,2.044200976
4,6291500,45.12644,-107.60054,217.96,1.84444,0.33333,0.61667,0.18111,0.43,0.14111,0.01333,0.08889,0.01,0.07222,0.00778,0.06556,46.38778,1.58333
1,1031500,45.17501,-69.3147,769.05,12.590666,0.185112,6.480886,0.096666,4.206222,0.068222,0.221776,0.042446,0.172224,0.049554,0.102446,0.04111,648.86778,0.91489
6,6479215,45.1808,-97.18619,175.28,1.885555,0.154445,0.41389,0.09722,0.201665,0.072775,0.00111,0.054445,0,0.060555,0,0.044445,40.79889,1.191665
1,4074950,45.18997,-88.73344,1205.53,5.458272222,0.192221111,2.609754444,0.10753,1.861605556,0.084937778,0.224445556,0.05358,0.185676667,0.061728889,0.124567778,0.052717778,312.0953089,1.079135556
5,6360500,45.25582,-100.84292,12654.96,1.21337033,0.27304011,0.179548132,0.14264956,0.06159956,0.138302747,0.000573297,0.077081978,6.0989E-05,0.070158462,4.87912E-05,0.060427473,18.33269857,1.423614615
6,5291000,45.29163,-96.48756,1046.78,2.603494286,0.167937143,0.544604286,0.103174286,0.233492857,0.069362857,0,0.05492,0,0.046507143,0,0.048254286,50.19682571,1.173015714
1,5362000,45.30803,-90.95652,1477.29,8.127172727,0.289395455,3.668484545,0.124243636,2.070302727,0.118182727,0.073332727,0.0599,0.053637273,0.05394,0.028382727,0.069596364,304.1670727,1.604140909
2,14303200,45.32428,-123.5465,8.06,42.92111,0.31333,19.73556,0.20889,14.87778,0.20889,0.40778,0.08333,0.36,0.09222,0.26444,0.06889,2060.97778,1.93333
2,14137000,45.39956,-122.13731,674.24,29.53518333,0.313703333,14.32,0.162963333,10.64444333,0.15074,0.997776667,0.075186667,0.843336667,0.079626667,0.566296667,0.074073333,1870.002217,1.93
2,14141500,45.4154,-122.17148,59.87,31.49074,0.333703333,14.82555667,0.183333333,10.69333333,0.145186667,0.65,0.081113333,0.54074,0.066296667,0.39815,0.08074,1794.2737,2.167776667
2,14139800,45.44456,-122.10953,40.7,33.175,0.302775,15.329445,0.156665,11.110555,0.139445,0.743335,0.06889,0.62389,0.065,0.461115,0.06722,1899.78222,2.035
2,14138900,45.49429,-122.03592,21.68,32.87962667,0.383703333,15.84777667,0.22037,11.46148,0.187776667,0.722223333,0.093703333,0.544443333,0.082963333,0.403703333,0.104443333,1971.11926,2.352223333
4,6043500,45.49743,-111.27051,2120.42,7.71632,0.284304375,4.46333375,0.16583375,2.8045825,0.149584375,0.164028125,0.08118,0.14444375,0.07999875,0.113194375,0.075069375,373.2914581,1.673541875
1,1030500,45.50097,-68.30596,3676.17,13.4784436,0.2298664,6.6732448,0.1434664,3.949644,0.1310212,0.2154224,0.084088,0.1570664,0.0828448,0.106444,0.0764004,657.2775084,1.3834212
2,13331500,45.61987,-117.72659,618.93,9.142888,0.321334,5.266444,0.247112,3.791112,0.182446,0.318888,0.1,0.26978,0.10089,0.217778,0.084222,536.952446,2.244222
2,14301000,45.704,-123.7554,1743.54,33.02111,0.418633077,16.41136923,0.272307692,11.74487231,0.230598462,0.366069231,0.113676154,0.264187692,0.110256154,0.19171,0.111795385,1701.546161,2.511366923
2,14020000,45.71958,-118.32329,341.43,7.890555,0.38722,3.998335,0.18722,2.67333,0.17111,0.29,0.122225,0.224445,0.09,0.150555,0.101115,458.042785,2.47
1,4059500,45.75552,-87.20152,1184.37,5.1063875,0.3009725,2.58291625,0.15541625,1.574445,0.136805,0.17041625,0.09444625,0.15013875,0.08791625,0.09555625,0.085695,269.2075,1.484585
2,14222500,45.83678,-122.46621,323.89,41.67,0.40722,19.03278,0.249445,14.524445,0.17667,0.615,0.107225,0.51167,0.075555,0.37611,0.098335,2241.304435,2.28889
1,4056500,46.03053,-86.16125,2945.89,6.2764995,0.350834,3.176278,0.216722,2.023167,0.1645565,0.180999,0.096277,0.176056,0.082111,0.1217785,0.0977225,348.801945,1.8193885
2,14216500,46.07567,-121.9987,349.52,28.60925667,0.44,14.52815,0.273703333,11.14629667,0.270003333,0.947406667,0.11889,0.73111,0.117776667,0.533703333,0.104073333,1911.538897,3.15148
2,13338500,46.08639,-115.97667,3027,7.955000833,0.37291625,4.368010417,0.229445417,3.29087875,0.2020375,0.2107875,0.100417083,0.195139167,0.107268333,0.1452775,0.089769583,422.2818054,2.1002775
5,6353000,46.09167,-101.33374,4526.51,1.005016061,0.141144848,0.18831697,0.090572727,0.08757697,0.08525303,0.002389697,0.045925758,3.36364E-05,0.048652424,6.72727E-05,0.044882424,18.68030212,1.022154545
2,13337000,46.15083,-115.58722,3053.42,9.845454091,0.406919545,5.586819545,0.276718182,4.359696818,0.235403182,0.303535455,0.105655455,0.227424091,0.108939545,0.187929091,0.091313636,616.4165164,2.519242273
5,6352000,46.15417,-102.47405,1441.83,0.8725925,0.130463333,0.195000833,0.079629167,0.077315833,0.076851667,0.004629167,0.042591667,0,0.0400925,0,0.040278333,19.38629583,0.985925833
2,12010000,46.37399,-123.74348,142.18,39.04778,0.36444,19.07,0.23333,13.90667,0.15222,0.51222,0.10222,0.38556,0.09,0.28778,0.07778,2088.19223,2.03111
5,6354000,46.37611,-100.93444,10598.19,1.028628571,0.141991299,0.193896234,0.086536104,0.094935714,0.086955455,0.00162974,0.044718312,8.64935E-05,0.047402208,7.20779E-05,0.043001558,19.33946571,1.014992468
5,6350000,46.42667,-102.55183,1501.05,0.939597273,0.115353636,0.194241818,0.074240909,0.077879091,0.076464545,0.002826364,0.039798182,0,0.040706364,0,0.037980909,19.09687,0.943433636
2,13340000,46.47833,-116.2575,14268.92,8.997435865,0.391998077,4.983270096,0.261934038,3.808258269,0.225886538,0.260865769,0.103546731,0.210448846,0.105363077,0.171153846,0.091474712,531.0076283,2.242777596
1,4040500,46.58411,-88.57597,419.83,6.814445,0.194445,3.329445,0.111665,2.29167,0.099445,0.29889,0.049445,0.25389,0.06722,0.173335,0.05722,401.57167,0.795555
2,14236200,46.59538,-122.45956,360.99,33.069445,0.274445,16.78111,0.17,12.061665,0.139445,0.51,0.081665,0.41667,0.070555,0.318335,0.07,1852.587775,1.59389
2,12020000,46.61732,-123.27764,294.22,37.773885,0.35389,18.273335,0.22222,13.50389,0.160555,0.58444,0.085,0.44722,0.06889,0.33333,0.072225,1999.293335,2.01167
1,12025000,46.6201,-122.94513,404.9,24.6941675,0.406945,11.539165,0.2361125,7.8800025,0.14389,0.2833325,0.0969425,0.214445,0.080835,0.1630575,0.0788875,1251.71305,2.16722
1,4024430,46.63327,-92.09408,1091.25,6.41458375,0.2422225,2.8473625,0.1172225,1.667915,0.1002775,0.089585,0.05819625,0.06722375,0.06847125,0.04013875,0.06472125,267.7144437,1.09194375
2,12013500,46.65093,-123.65266,337.69,37.04889,0.39167,18.295,0.223335,13.64722,0.15889,0.588335,0.090555,0.433335,0.071665,0.335555,0.07889,2030.31111,1.980555
2,13340600,46.84047,-115.6207,3354.62,10.2147225,0.352540357,6.233928929,0.248095357,4.789405357,0.208968929,0.356587857,0.088968571,0.294285357,0.094246071,0.23008,0.091230357,693.9764321,2.250911786
2,12092000,46.90372,-122.03511,240.88,30.34778,0.35222,15.37667,0.20667,11.91,0.21556,1.19556,0.08778,0.95222,0.09667,0.68444,0.10222,2096.97447,2.19111
1,4015330,46.94688,-91.7924,224.35,8.15556,0.21333,3.41556,0.08778,2.08111,0.09444,0.10222,0.04333,0.06889,0.05889,0.03778,0.04222,334.38444,0.92556
2,12488500,46.97762,-121.1687,205.17,13.60389,0.345555,8.396115,0.19833,7.281665,0.20611,1.10778,0.10333,0.844445,0.08889,0.617775,0.08722,1120.597215,1.892775
2,12035000,47.00065,-123.49488,769.9,34.88352,0.413705,17.30185,0.28611,12.33240667,0.23648,0.473703333,0.109443333,0.373333333,0.104441667,0.244443333,0.108703333,1763.147953,2.74926
5,6344600,47.02779,-103.05324,402.5,0.89611,0.12111,0.18278,0.085555,0.075,0.07611,0.00222,0.04389,0,0.045555,0,0.04,18.290555,1.098885
2,12383500,47.14743,-113.97427,17.67,9.914445,0.3,5.81722,0.223335,4.125555,0.17,0.345555,0.07722,0.30667,0.06611,0.252775,0.06889,565.630555,1.99722
5,6339500,47.15445,-102.05989,3171.46,1.22627913,0.13859913,0.215940435,0.08603913,0.104107391,0.083574783,0,0.041933043,0,0.042222174,4.82609E-05,0.036038261,21.89125522,1.002223043
2,12381400,47.19549,-113.85065,150.95,11.63222,0.29556,6.61667,0.22889,4.52,0.19222,0.38111,0.07,0.31444,0.06778,0.26667,0.06889,645.16666,2.21778
1,4043050,47.22854,-88.38539,76.62,1.634603571,0.187302143,0.387460714,0.09873,0.119047143,0.081507857,0,0.05762,0,0.038492143,0,0.046667857,28.30738071,1.188888571
6,5057200,47.22916,-98.12482,1897.33,9.92333,0.28,4.31444,0.20222,2.45556,0.15444,0.19889,0.07778,0.19111,0.07444,0.12778,0.08,429.77445,1.39667
5,6339100,47.23613,-102.76991,529.14,1.304073333,0.157406667,0.237776667,0.09222,0.12963,0.094813333,0,0.042963333,0,0.042223333,0,0.04111,22.59222333,1.07963
6,5062500,47.26663,-96.24478,2407.05,3.517098333,0.254506111,1.322777778,0.16105,0.753209444,0.114073889,0.024505,0.078580556,0.021851667,0.075431111,0.012283889,0.063271111,121.48321,1.377715556
2,12414500,47.27464,-116.18905,2678.97,12.30065412,0.311765294,7.478562941,0.208757647,5.388365882,0.187645882,0.342744118,0.08366,0.306144706,0.081371765,0.226667647,0.089999412,760.7594771,1.941111765
2,12377150,47.32299,-113.97955,32.18,14.21556,0.36222,7.89556,0.25444,6.22778,0.19111,0.42889,0.08556,0.39333,0.09667,0.31778,0.07778,868.38,2.52444
2,12114500,47.34205,-121.54899,66.56,27.56222,0.355,15.77833,0.225,11.694445,0.211115,1.08389,0.10889,0.79667,0.095555,0.61,0.097775,1981.25165,2.223335
2,12117000,47.38649,-121.84622,44.85,31.79629667,0.398146667,16.15481333,0.23926,11.56740667,0.20889,0.826663333,0.107406667,0.563703333,0.1,0.488146667,0.105926667,1943.825177,2.225556667
2,12073500,47.38926,-122.69902,15.67,12.44111,0.40556,6.81667,0.3,4.29222,0.25,0.22222,0.13444,0.14778,0.12111,0.07778,0.12444,677.37335,2.53222
6,6468250,47.39972,-98.79761,3242.61,1.044696818,0.216666364,0.243686818,0.123130455,0.075556364,0.096817727,0.000100909,0.064343636,0,0.048586364,0,0.047423182,19.98434364,1.376463182
2,12143600,47.4526,-121.71788,165.01,30.547775,0.44389,16.58556,0.238335,12.244445,0.208335,1.291115,0.09611,0.995,0.09389,0.701665,0.093335,2147.05556,2.480555
2,12141300,47.48594,-121.64788,401.51,35.92963,0.446293333,18.37888667,0.26185,13.65555667,0.195926667,1.488516667,0.0863,1.092223333,0.076293333,0.709626667,0.079633333,2470.155197,2.687776667
4,12375900,47.4916,-114.02677,19.72,8.1052775,0.380835,4.6477775,0.2202775,3.5113875,0.181665,0.251665,0.0877775,0.2175,0.0902775,0.176945,0.0747225,489.0475,2.1286125
2,12144000,47.49288,-121.79011,210.11,30.547775,0.44389,16.58556,0.238335,12.244445,0.208335,1.291115,0.09611,0.995,0.09389,0.701665,0.093335,2147.05556,2.480555
2,12056500,47.51426,-123.32989,146.97,47.57333,0.58556,21.05889,0.35889,16.54222,0.33556,1.37667,0.12778,0.98444,0.14111,0.62,0.15222,2895.18113,3.67222
2,12040500,47.53786,-124.31575,1153.44,54.51444375,0.57361125,23.77930625,0.41111,17.384305,0.36027625,0.8165275,0.1458325,0.5704175,0.13222125,0.44500125,0.14319625,2630.472356,4.2972225
6,6468170,47.55805,-98.86289,2809.1,1.041542778,0.225370556,0.237901111,0.125492778,0.072346667,0.098703333,0.000123333,0.066913333,0,0.051111111,0,0.048826667,19.50024667,1.423640556
2,12390700,47.58605,-115.35515,470.23,11.86037333,0.295556667,7.13074,0.183333333,5.220736667,0.17148,0.35,0.08222,0.28,0.07222,0.216296667,0.07889,711.4466667,1.587406667
2,12411000,47.70611,-115.97917,867.48,12.55796167,0.309075,7.120558333,0.216296667,5.115741667,0.175371667,0.25611,0.082035,0.235553333,0.070925,0.154813333,0.086298333,726.23481,1.925556667
5,6332515,47.78724,-102.76853,191.49,1.99889,0.33111,0.33111,0.15778,0.22889,0.16222,0.00333,0.08111,0.00444,0.08444,0.00111,0.07667,29.20889,2.33444
2,12041200,47.80675,-124.25103,655.8,52.5688875,0.48889,22.39528,0.348055,17.176945,0.25889,0.9555575,0.11389,0.6936125,0.120835,0.52139,0.123055,2800.863072,3.353055
2,12048000,48.01426,-123.13268,405.01,29.82,0.45815,15.35333333,0.313703333,12.20592667,0.273333333,1.207776667,0.105183333,0.90222,0.09963,0.603336667,0.10074,1944.822593,2.863703333
6,5120500,48.13834,-100.53986,1509.83,0.865,0.190833333,0.1700925,0.100741667,0.065646667,0.094074167,0,0.0650925,0,0.049166667,0,0.043148333,16.72648167,1.247778333
2,12186000,48.16872,-121.47067,398.44,28.232775,0.346665,16.309445,0.214445,12.353335,0.19833,1.41722,0.087775,1.09722,0.07889,0.765,0.080555,2166.01556,2.32167
2,12167000,48.26149,-122.04764,683.75,29.83074167,0.358888333,14.69777833,0.212961667,10.75018333,0.172038333,0.819445,0.085925,0.591853333,0.077035,0.44537,0.072408333,1803.516295,2.112961667
1,5129115,48.26463,-92.56599,2357.59,4.919111,0.338668,2.444667,0.157778,1.589665,0.131556,0.124222,0.102223,0.108111,0.086444,0.053554,0.082,239.833111,1.661333
2,12451000,48.32958,-120.69177,830.6,20.36333,0.384002,12.935776,0.212888,9.794,0.228,0.80511,0.101998,0.736,0.101778,0.542666,0.089112,1471.324652,2.54
1,5131500,48.39578,-93.54933,4383.51,4.169293333,0.303333333,1.990807879,0.164208485,1.353803939,0.127845455,0.072255758,0.096160606,0.054074848,0.093266364,0.030167879,0.075487879,189.0406739,1.416700909
2,12189500,48.42456,-121.56846,1855.32,26.54811923,0.347179231,15.29615462,0.228632308,11.57743769,0.199827692,1.153162308,0.083676154,0.917435385,0.083932308,0.642736154,0.083846154,1914.127012,2.484956154
2,12358500,48.49524,-114.01012,2939.19,12.993112,0.293056,8.066,0.2385555,5.9174435,0.1892785,0.4094435,0.084554,0.355278,0.081667,0.278056,0.0811655,823.8745005,2.213611
6,5123400,48.58889,-100.44208,3206.1,1.844405357,0.193770357,0.484484643,0.119047143,0.2110325,0.096507857,0,0.056905357,0.000198214,0.050278214,0,0.049404643,39.53452429,1.184880357
2,12175500,48.67263,-121.0729,273.82,23.39667,0.39444,14.9,0.22556,11.34333,0.26889,0.97444,0.10444,0.87889,0.10444,0.65111,0.09111,1760.25334,2.59111
2,12447390,48.82292,-120.14592,58.1,10.987225,0.30972,6.3600025,0.187775,4.681945,0.1763875,0.2052775,0.0830525,0.19,0.08139,0.12861,0.0711125,551.88417,2.0777775
