"V1","V2","V3","V4","V5","V6","V7","V8","V9"
1030500,1,45.501,-68.306,0.097737863146655,0.170443108599892,0.0515186013311972,0.21666237041535,0.134090485873273
1031500,1,45.175,-69.315,0.057394513522225,0.110651519352198,0.00516010508299369,0.162885927791429,0.0840230164372115
1047000,1,44.869,-69.955,0.0919865763121993,0.138143205927499,0.0372958420080836,0.192833940231615,0.115064891119849
1054200,1,44.39,-70.98,0.149393306156153,0.207659560628351,0.0997387885220407,0.257314078262463,0.178526433392252
1055000,1,44.643,-70.589,0.0860156315575814,0.129960387666164,0.0304890930170049,0.185486926206741,0.107988009611873
1078000,1,43.566,-71.748,0.0271909809919475,0.0969618815619658,-0.0199490981537645,0.144101960707678,0.0620764312769567
1144000,1,43.714,-72.418,0.0653776418447881,0.104390122578008,0.00826795009762728,0.161499814325168,0.0848838822113979
1169000,1,42.638,-72.725,0.0969333468935061,0.137068643965845,0.0400408595644112,0.19396113129494,0.117000995429676
1181000,1,42.237,-72.896,0.109959507094728,0.164567348751044,0.0582669360817739,0.216259919763998,0.137263427922886
1187300,1,42.037,-72.939,0.0829651684506084,0.129316963302927,0.0286241642820512,0.183657967471485,0.106141065876768
1333000,1,42.709,-73.197,0.0922112367006055,0.144518724971924,0.0396507264308636,0.197079235241665,0.118364980836265
1350000,1,42.32,-74.437,0.0716374586505881,0.123993389894283,0.019024559278102,0.176606289266769,0.0978154242724356
1415000,1,42.12,-74.818,0.0864803188267372,0.132140616963983,0.0320041096320196,0.1866168261587,0.10931046789536
1423000,1,42.166,-75.14,0.0783979556199848,0.125141079950445,0.0240013440749472,0.179537691495483,0.101769517785215
1439500,1,41.088,-75.038,0.0537049359834021,0.0994989623871222,-0.000892530918088705,0.154096429288613,0.0766019491852622
1510000,1,42.541,-75.9,0.0730556330840365,0.137397836500408,0.0244974552733559,0.185956014311089,0.105226734792222
1516500,1,41.791,-77.015,-0.0179808804609649,0.0280151761199036,-0.0723290934623338,0.0823633891212725,0.00501714782946933
1518862,1,41.923,-77.532,0.0151491818085007,0.0596370352619444,-0.0400457102081274,0.114831927278573,0.0373931085352226
1532000,1,41.707,-76.485,-0.0151404747563328,0.021684006802191,-0.072681735147803,0.0792252671936612,0.00327176602292908
1539000,1,41.078,-76.431,0.0199141322385345,0.0560207730550376,-0.0384169991826774,0.11435190447625,0.0379674526467861
1542810,1,41.579,-78.293,0.0403384901257988,0.081332043414495,-0.0162538968527733,0.137924430393067,0.0608352667701469
1543000,1,41.413,-78.197,0.034879782770575,0.0744455913581017,-0.0221990057332984,0.131524379861975,0.0546626870643384
1543500,1,41.317,-78.103,0.0284042193973608,0.0618460355923578,-0.0308628557865332,0.121113110776252,0.0451251274948593
1547700,1,41.06,-77.606,0.0296601239205406,0.0740436840972561,-0.0257095128591393,0.129413320876936,0.0518519040088984
1548500,1,41.522,-77.447,0.0160206146058656,0.0513254057091013,-0.0426278847622334,0.1099739050772,0.0336730101574834
1549500,1,41.474,-77.231,-0.00164411896219228,0.0335015956994751,-0.0602164635287862,0.092073940266069,0.0159287383686414
1550000,1,41.418,-77.033,-0.00434240991931982,0.0419365626404684,-0.0588487309835723,0.0964428837047209,0.0187970763605743
1552000,1,41.325,-76.912,-0.0142696777807669,0.0271801243633887,-0.069993960706733,0.0829044072893548,0.0064552232913109
1567500,1,40.371,-77.402,0.0217169689802791,0.0638912735114776,-0.0344446548387571,0.120052897330514,0.0428041212458783
1568000,1,40.323,-77.169,0.0182617047882565,0.0700207767180617,-0.0345378715951495,0.122820353101468,0.0441412407531591
1594950,1,39.277,-79.39,0.099513998465772,0.146450720707119,0.0453214061476211,0.20064331302527,0.122982359586446
1606500,1,38.991,-79.176,0.0504428345167179,0.0843227480155145,-0.00874297457901582,0.143508557111248,0.0673827912661162
1613050,1,39.898,-78.132,-0.0309210676822605,0.0187811213965724,-0.0843173845655651,0.072177438279877,-0.00606997314284405
1632000,1,38.637,-78.853,0.0110792940249597,0.0575818528345916,-0.043532593695647,0.112193740555198,0.0343305734297757
1634500,1,39.081,-78.329,-0.000918047223609473,0.0540037584868255,-0.0526848388776065,0.105770550140822,0.026542855631608
2011400,1,38.042,-79.881,0.0466055761796869,0.0827425905363271,-0.0112028649971537,0.140551031713168,0.064674083358007
2014000,1,37.729,-80.042,0.0777660313359779,0.113500326460062,0.0193965803052301,0.171869777490809,0.0956331788980197
2015700,1,38.195,-79.57,0.0532204432167594,0.0838301651492943,-0.00717940156255682,0.144230009928611,0.0685253041830269
2016000,1,37.792,-79.759,0.0546538906439823,0.0842475279425095,-0.00627917550846178,0.145180594094954,0.0694507092932459
2018000,1,37.666,-79.911,0.0904829491563024,0.122679085002827,0.0309360700462566,0.182225964112873,0.106581017079565
2027000,1,37.715,-78.982,0.0965531635296673,0.137024616871433,0.0415798388465867,0.191997941554514,0.11678889020055
2028500,1,37.87,-78.823,0.0802729532623271,0.121026894656992,0.0253998364264035,0.175900011492916,0.10064992395966
2111180,1,36.071,-81.403,0.202528032820498,0.243143690569033,0.145880830563273,0.299790892826259,0.222835861694766
2111500,1,36.175,-81.169,0.173606351058679,0.23476348328114,0.12408200251201,0.28428783182781,0.20418491716991
2137727,1,35.686,-82.06,0.12253164175582,0.171921505066746,0.0701452909131514,0.224307855909415,0.147226573411283
2140991,1,35.834,-81.712,0.18573069580794,0.220782604181027,0.126976470833932,0.279536829155034,0.203256649994483
2149000,1,35.423,-82.112,0.118623302383251,0.1636528184912,0.0640410299359918,0.218235090938459,0.141138060437226
2152100,1,35.493,-81.682,0.188755030591544,0.23147619453137,0.132892609187843,0.287338615935071,0.210115612561457
2178400,1,34.89,-83.53,0.313296712598071,0.378245090136219,0.266019317696016,0.425522485038274,0.345770901367145
2381600,1,34.57,-84.469,0.228470697903012,0.279812544304381,0.177410305337332,0.330872936870061,0.254141621103697
3010655,1,41.962,-78.198,0.0542145122506971,0.0995272205009821,-0.000731741084011514,0.154473473835691,0.0768708663758396
3011800,1,41.766,-78.719,0.0826889882598561,0.129552252608899,0.0283680330110669,0.183873207857689,0.106120620434378
3026500,1,41.631,-78.577,0.0731960671192072,0.10931376126095,0.0147831357996962,0.167726692580461,0.0912549141900788
3049000,1,40.716,-79.699,-0.0176235085142516,0.032677816294278,-0.0704111873316383,0.0854654951116647,0.00752715389001318
3050000,1,38.809,-79.882,0.0829619013108414,0.123015914556142,0.0261644340423746,0.179813381824609,0.102988907933492
3066000,1,39.127,-79.468,0.119473051267451,0.169023618692852,0.0666036721296942,0.221892997830609,0.144248334980152
3069500,1,39.123,-79.681,0.0971132137992173,0.135998675035769,0.0400817027956684,0.193030186039318,0.116555944417493
3070500,1,39.616,-79.705,0.0346243728114134,0.088171309244177,-0.0175958012472975,0.140391483302888,0.0613978410277952
3076600,1,39.656,-79.394,0.0879409945177306,0.130821953719386,0.0321650671531273,0.186597881083989,0.109381474118558
3159540,1,39.064,-81.882,-0.0654415760338374,0.0105342382597574,-0.110421811062118,0.0555144732880384,-0.02745366888704
3161000,1,36.393,-81.407,0.21628143522718,0.269361194703989,0.164400731839821,0.321241898091348,0.242821314965584
3164000,1,36.647,-80.979,0.168255654194693,0.220541598080413,0.115615537764708,0.273181714510398,0.194398626137553
3170000,1,37.038,-80.557,0.100725679728382,0.149737826585969,0.0470056892368777,0.203457817077473,0.125231753157175
3173000,1,37.268,-80.71,0.0897127464358113,0.129166282063749,0.0328113507080882,0.186067677791472,0.10943951424978
3180500,1,38.544,-79.833,0.0697294231746892,0.119287995905919,0.0161739618666946,0.172843457213914,0.0945087095403041
3182500,1,38.186,-80.131,0.0775361417545957,0.11442734489779,0.0194341704194578,0.172529316232928,0.0959817433261927
3186500,1,38.379,-80.484,0.110473811259854,0.163468744967297,0.0591128741944889,0.214829682032662,0.136971278113576
3187500,1,38.295,-80.526,0.0766655273502552,0.127869617364425,0.0240805412276293,0.180454603487051,0.10226757235734
3213700,1,37.673,-82.28,-0.000278667522882418,0.0535805061461444,-0.052365046067941,0.105666884691203,0.026650919311631
3237280,1,38.644,-83.216,-0.084521219928086,-0.0305306075841201,-0.135091537415613,0.0200397099034069,-0.0575259137561031
3280700,1,37.165,-83.308,-0.00929298625013384,0.0375417937717289,-0.0637532286713686,0.0920020361929636,0.0141244037607975
3281100,1,37.152,-83.76,-0.00549549173056153,0.0443075014873065,-0.0589369666825383,0.0977489764392832,0.0194060048783725
3281500,1,37.48,-83.675,-0.0238233101325942,0.02826030574914,-0.0765204692705303,0.0809574648870762,0.00221849780827293
3450000,1,35.653,-82.405,0.137344638556148,0.194309095711869,0.0862545540438421,0.245399180224174,0.165826867134008
3460000,1,35.668,-83.074,0.270854890921135,0.328131857235171,0.21993912572567,0.379047622430636,0.299493374078153
3463300,1,35.832,-82.184,0.226957190832619,0.279706605786075,0.174530719360984,0.33213307725771,0.253331898309347
3471500,1,36.76,-81.631,0.150960093273066,0.191755227386775,0.0944224324284955,0.248292888231345,0.17135766032992
3473000,1,36.652,-81.844,0.146789991470894,0.187255144844707,0.0901462384479031,0.243898897867698,0.1670225681578
3479000,1,36.239,-81.822,0.187891814313954,0.2327029838751,0.132674904317233,0.287919893871821,0.210297399094527
3488000,1,36.897,-81.746,0.131317163395537,0.170855236439359,0.0747681452256457,0.227404254609251,0.151086199917448
3498500,1,35.786,-83.885,0.117817888696692,0.197013211463992,0.0740791777663057,0.240751922394378,0.157415550080342
3500000,1,35.15,-83.38,0.308357293978176,0.370406613569169,0.262760313914527,0.416003593632818,0.339381953773672
3504000,1,35.128,-83.619,0.291462091236916,0.361878346909615,0.249351670303417,0.403988767843114,0.326670219073265
4015330,1,46.947,-91.792,0.0432549986873727,0.113882350229123,-0.00335593645131467,0.16049328536781,0.0785686744582478
4024430,1,46.633,-92.094,-0.00769467892730272,0.0555652210236103,-0.0567749403585999,0.104645482454907,0.0239352710481538
4040500,1,46.584,-88.576,0.0571545417888146,0.11596476069551,0.00840782286645871,0.164711479617865,0.0865596512421621
4043050,1,47.229,-88.385,-0.000203723319935872,0.0643758125331762,-0.0487127141508866,0.112884803364127,0.0320860446066202
4056500,1,46.031,-86.161,0.0826460783109635,0.15869833996649,0.0371900867131176,0.204154331564336,0.120672209138727
4059500,1,45.756,-87.202,0.0576051489962639,0.12277739797762,0.00904862768158389,0.1713339192923,0.0901912734869419
4074950,1,45.19,-88.733,0.119314878477314,0.175439399858463,0.0680608354411711,0.226693442894606,0.147377139167888
4122500,1,43.945,-86.279,0.151724023316491,0.239884721341641,0.10978293807967,0.281825806578462,0.195804372329066
4216418,1,42.864,-78.284,0.0310541239663726,0.123938028409579,-0.010138208611284,0.165130360987236,0.0774960761879758
4221000,1,42.122,-77.957,0.0259177727218384,0.0680569901759724,-0.0301709938147787,0.12414575671259,0.0469873814489054
4224775,1,42.536,-77.704,0.02186759707023,0.0607981571848252,-0.0354308763417371,0.118096630596792,0.0413328771275276
4233000,1,42.393,-76.545,0.0609494118550806,0.114703138979863,0.00904938351356703,0.166603167321377,0.0878262754174718
4296000,1,44.869,-72.27,0.0603538621367494,0.101694332077272,0.00523536220186384,0.156812832012158,0.0810240971070107
5129115,1,48.265,-92.566,0.0392765553954992,0.134675528355644,-0.00113933926689642,0.175091423018039,0.0869760418755715
5131500,1,48.396,-93.549,-0.325137522084833,0.286009060788754,-0.334035808992247,0.294907347696168,-0.0195642306480395
5362000,1,45.308,-90.957,-0.00270416588225382,0.0469692240220283,-0.0562170592621778,0.100482117401952,0.0221325290698872
7056000,1,35.983,-92.748,-0.00904355987110599,0.0441353034410982,-0.0613844010426877,0.0964761446126799,0.0175458717849961
7060710,1,35.995,-92.213,-0.00713284004665806,0.0514533261572395,-0.0576820838171795,0.102002569927761,0.0221602430552907
7067000,1,36.991,-91.014,0.0358455848525402,0.0836136486683896,-0.0182353405463812,0.137694574067311,0.0597296167604649
7068000,1,36.622,-90.848,0.0480937271116261,0.0965394493081626,-0.0055324512929843,0.150165627712773,0.0723165882098944
12025000,1,46.62,-122.945,0.172914661278042,0.258292433427952,0.13042133257339,0.300785762132604,0.215603547352997
2177000,2,34.814,-83.306,0.0546950918402769,0.412194550465545,-0.00111361468003343,0.468003256985855,0.233444821152911
3439000,2,35.143,-82.825,0.40312895049744,0.903169863334796,0.357912727966752,0.948386085865483,0.653149406916118
11381500,2,40.055,-122.024,-0.0388373588443611,0.21433500250132,-0.11402032885257,0.289517972509529,0.0877488218284795
11468500,2,39.428,-123.738,-0.210295930490702,0.0159783936091442,-0.288824260884472,0.0945067240029146,-0.0971587684407788
11473900,2,39.706,-123.325,-0.179493073956829,-0.00605499653944513,-0.269424768659944,0.0838766981636706,-0.0927740352481369
11475560,2,39.73,-123.644,-0.266138985835796,-0.104583421207261,-0.353267641793916,-0.0174547652491415,-0.185361203521529
11476600,2,40.351,-124.004,0.0316199455203059,0.260803877878451,-0.0479196401684802,0.340343463567237,0.146211911699378
11478500,2,40.48,-123.891,0.0683392774850006,0.193864810515422,-0.0371215176918845,0.299325605692307,0.131102044000211
11480390,2,40.284,-123.335,0.0202150645881131,0.272868700671212,-0.0537581569963477,0.346841922255673,0.146541882629662
11481200,2,41.011,-124.082,0.0236931653389861,0.187402081339633,-0.0717367472509081,0.282831993929528,0.10554762333931
11482500,2,41.299,-124.051,0.0268708063694704,0.141687357386126,-0.0831817840550981,0.251739947810694,0.0842790818777981
11522500,2,41.378,-123.478,0.162051881205584,0.326341238526146,0.069143011719053,0.419250108012676,0.244196559865865
11523200,2,41.111,-122.706,0.0930570982345454,0.277822611792999,0.00319062551920643,0.367689084508338,0.185439855013772
11528700,2,40.65,-123.494,-0.0293785069282693,0.139276131368778,-0.123423664994801,0.233321289435309,0.0549488122202542
11532500,2,41.792,-124.076,0.0641709998163768,0.24279838893264,-0.026963831552433,0.33393322030145,0.153484694374509
12010000,2,46.374,-123.743,0.229764846922335,0.367248101800759,0.126850605119769,0.470162343603325,0.298506474361547
12013500,2,46.651,-123.653,0.232630778881145,0.346110091829159,0.122557660142672,0.456183210567631,0.289370435355152
12020000,2,46.617,-123.278,0.168941189074556,0.277388576247554,0.0592040708289442,0.387125694493165,0.223164882661055
12035000,2,47.001,-123.495,0.213338124665532,0.354420777245854,0.111753695886285,0.456005206025102,0.283879450955693
12040500,2,47.538,-124.316,0.3182456112284,0.488031663255179,0.224663403102702,0.581613871380877,0.40313863724179
12041200,2,47.807,-124.251,0.470825436179482,0.656338769963647,0.38122779872834,0.745936407414789,0.563582103071565
12048000,2,48.014,-123.133,0.378208161977479,0.506678935009145,0.277402040881893,0.607485056104731,0.442443548493312
12056500,2,47.514,-123.33,0.527412187176468,0.706163136142721,0.435859742894295,0.797715580424893,0.616787661659594
12073500,2,47.389,-122.699,0.0113841090202196,0.21742477061894,-0.0734542509267806,0.30226313056594,0.11440443981958
12092000,2,46.904,-122.035,0.353745273547086,0.656593922251946,0.289611891950089,0.720727303848944,0.505169597899516
12114500,2,47.342,-121.549,0.447353508251928,0.566107231709253,0.340655771594457,0.672804968366724,0.506730369980591
12117000,2,47.386,-121.846,0.522621435048137,0.646990645330619,0.417429282524776,0.752182797853979,0.584806040189378
12141300,2,47.486,-121.648,0.600833796354816,0.760762051326028,0.504466878349337,0.857128969331507,0.680797923840422
12143600,2,47.453,-121.718,0.611991818802129,0.875408006213683,0.538718655903254,0.948681169112559,0.743699912507906
12144000,2,47.493,-121.79,0.611991818802129,0.875408006213683,0.538718655903254,0.948681169112559,0.743699912507906
12167000,2,48.261,-122.048,0.399869946523685,0.554129073145716,0.301966715784481,0.65203230388492,0.4769995098347
12175500,2,48.673,-121.073,0.485333768787623,1.01018576000667,0.442093099071465,1.05342642972283,0.747759764397145
12186000,2,48.169,-121.471,0.487802101416523,0.668787203926005,0.402151232175142,0.754438073167386,0.578294652671264
12189500,2,48.425,-121.568,0.569005500763384,0.692974467275488,0.461931699159238,0.800048268879633,0.630989984019436
12358500,2,48.495,-114.01,0.224986473200832,0.385245317279663,0.12869316371563,0.481538626764865,0.305115895240248
12377150,2,47.323,-113.98,0.133612781854567,0.559284590954486,0.0818262438056681,0.611071129003385,0.346448686404526
12381400,2,47.195,-113.851,0.183260439999951,0.345870915331531,0.0874843444575727,0.44164701087391,0.264565677665741
12383500,2,47.147,-113.974,0.169174388005505,0.343306384123805,0.0764423861794169,0.436038385949893,0.256240386064655
12390700,2,47.586,-115.355,0.224305874807982,0.337546813378416,0.11455781244062,0.447294875745779,0.280926344093199
12411000,2,47.706,-115.979,0.175663391487514,0.346165627885317,0.0837946665396767,0.438034352833155,0.260914509686416
12414500,2,47.275,-116.189,0.215335162089691,0.322760137859476,0.103177593346835,0.434917706602332,0.269047649974583
12447390,2,48.823,-120.146,0.0121723939545424,0.22853783791645,-0.0705573635061406,0.311267595377133,0.120355115935496
12451000,2,48.33,-120.692,0.53802628896044,0.787727123747033,0.46367322662745,0.862080186080023,0.662876706353736
12488500,2,46.978,-121.169,0.342473839607432,0.452316077981313,0.240576261550157,0.554213656038588,0.397394958794373
13240000,2,44.914,-115.997,0.125191525783149,0.315091048690599,0.0368185089223377,0.40346406555141,0.220141287236874
13310700,2,44.987,-115.725,0.0403130284404805,0.181625720254618,-0.0608609534568375,0.282799702151936,0.110969374347549
13313000,2,44.962,-115.5,0.0260823960887715,0.278292785957134,-0.0493481628879666,0.353723344933873,0.152187591022953
13331500,2,45.62,-117.727,0.129456778200765,0.281659630602927,0.0308300224937106,0.380286386309981,0.205558204401846
13337000,2,46.151,-115.587,0.195215198584362,0.294946919130242,0.080723618930087,0.409438498784517,0.245081058857302
13338500,2,46.086,-115.977,-0.0926498254288367,0.277738509689219,-0.150267965126131,0.335356649386513,0.0925443421301911
13340000,2,46.478,-116.258,0.0978351436029823,0.255718844173938,0.000772867246289971,0.352781120530631,0.17677699388846
13340600,2,46.84,-115.621,0.27530570156542,0.380958951807434,0.164129966272038,0.492134687100816,0.328132326686427
14020000,2,45.72,-118.323,0.0761401037538322,0.336002160522793,0.00237156343510064,0.409770700841524,0.206071132138312
14137000,2,45.4,-122.137,0.319229670856498,0.443214071659786,0.218704486304812,0.543739256211472,0.381221871258142
14138900,2,45.494,-122.036,0.255550988507942,0.492365010528161,0.177169480288089,0.570746518748014,0.373957999518051
14139800,2,45.445,-122.11,0.353335138357831,0.451589790273966,0.238365256746205,0.566559671885592,0.402462464315899
14141500,2,45.415,-122.171,0.269590872182504,0.375423239372947,0.15768706585233,0.487327045703121,0.322507055777725
14154500,2,43.736,-122.873,0.16304649616058,0.291111195317131,0.0575866614926478,0.396571029985063,0.227078845738855
14158790,2,44.335,-122.047,0.316532366362166,0.435267355231908,0.208224398806899,0.543575322787175,0.375899860797037
14185000,2,44.392,-122.498,0.354774523218319,0.451777834522785,0.241028946244129,0.565523411496976,0.403276178870552
14185900,2,44.54,-122.436,0.301464142438173,0.404718783036207,0.187887330579766,0.518295594894614,0.35309146273719
14216500,2,46.076,-121.999,0.471486051826866,0.634215240433983,0.37580209901633,0.729899193244519,0.552850646130425
14222500,2,45.837,-122.466,0.285258197891308,0.505722718619073,0.20344900018386,0.587531916326521,0.395490458255191
14236200,2,46.595,-122.46,0.150894560101361,0.408413383129927,0.0765286851483435,0.482779258082945,0.279653971615644
14301000,2,45.704,-123.755,0.196038044544923,0.295580005658816,0.0814107804839178,0.410207269719821,0.245809025101869
14303200,2,45.324,-123.547,0.347654332709192,0.523327269845615,0.259906334720299,0.611075267834507,0.435490801277403
14305500,2,44.715,-123.887,0.251046697329283,0.366748029557866,0.141317469268218,0.476477257618931,0.308897363443575
14306340,2,44.248,-123.636,0.133809081478139,0.23909055417024,0.0208307969318009,0.352068838716578,0.18644981782419
14306500,2,44.386,-123.832,0.151279288742563,0.250236147333332,0.0358616923070321,0.365653743768862,0.200757718037947
14309500,2,42.804,-123.611,-0.0394561395260097,0.141210242892075,-0.130242092325572,0.231996195691638,0.0508770516830328
14316700,2,43.35,-122.729,0.117134433201597,0.239598559176629,0.00956619328838026,0.347166799089845,0.178366496189113
14325000,2,42.892,-124.071,0.204172369691905,0.335266228686088,0.103908018820952,0.435530579557041,0.269719299188997
14400000,2,42.123,-124.187,0.148047837219928,0.298100271248384,0.0522174326470537,0.393930675821258,0.223074054234156
9430500,3,33.061,-108.537,0.00831778262631182,0.0199314436131381,0.00683637095472941,0.0214128552847205,0.014124613119725
9430600,3,33.167,-108.65,0.0131609404096539,0.0195379978808122,0.0128455357765963,0.0198534025138698,0.016349469145233
9447800,3,32.956,-109.531,0.000995487414405624,0.00166745922039021,0.000937988734374815,0.00172495790042102,0.00133147331739792
9497800,3,33.843,-110.558,0.00439079304769314,0.0178209234574902,0.00307462418415479,0.0191370923210285,0.0111058582525916
9497980,3,33.828,-110.856,0.00924354759364786,0.0157607944143512,0.00837150472335754,0.0166328372846415,0.0125021710039995
9510200,3,33.694,-111.542,-0.00324430370814469,0.00237252903692755,-0.0041718399173612,0.00330006524614405,-0.000435887335608572
9512280,3,33.887,-111.954,-0.011761735441372,0.0131589895326192,-0.012281589106292,0.0136788431975391,0.000698627045623573
6037500,4,44.657,-111.068,0.184194170339516,0.298535317597771,0.155507306258384,0.327222181678904,0.241364743968644
6043500,4,45.497,-111.271,0.155229159108538,0.230258524560183,0.105612987606119,0.279874696062601,0.19274384183436
6188000,4,44.928,-110.394,0.185565776410387,0.25555769703208,0.137306345455996,0.303817127986472,0.220561736721234
6191500,4,45.112,-110.794,0.17094255432768,0.23139835328086,0.113856479866843,0.288484427741697,0.20117045380427
6221400,4,43.346,-109.41,0.0105272733480946,0.187354594627188,-0.0216551506497083,0.219537018624991,0.0989409339876412
6224000,4,43.177,-109.203,0.0610021749438027,0.154957957874927,0.0134503574834557,0.202509775335274,0.107980066409365
6278300,4,44.508,-107.404,0.0500861930164395,0.171547373974398,0.0087058734610867,0.21292769352975,0.110816783495419
6280300,4,44.208,-109.555,0.00501698060826752,0.135097029302498,-0.0331937249855493,0.173307734896315,0.0700570049553828
6289000,4,45.007,-107.615,-0.0293392198377814,0.0510364971061231,-0.076417933186717,0.0981152104550587,0.0108486386341708
6291500,4,45.126,-107.601,0.0113198757417855,0.161912982319013,-0.0231784451062905,0.196411303167089,0.0866164290303991
6404000,4,43.872,-103.337,-0.0411779084300499,0.0514370662456845,-0.0891002924060677,0.0993594502217022,0.00512957890781729
6406000,4,43.828,-103.196,-0.0323623748066602,0.0657639494691219,-0.0789090997066106,0.112310674369072,0.0167007873312308
6409000,4,44.014,-103.83,0.0105800135370908,0.110129199623293,-0.0355032254646251,0.156212438625009,0.0603546065801918
6431500,4,44.482,-103.862,-0.0176485331459054,0.106365647459863,-0.058166580303624,0.146883694617582,0.044358557156979
6614800,4,40.496,-105.865,0.125604771156052,0.193475035824983,0.071893490971086,0.247186316009949,0.159539903490517
6623800,4,41.024,-106.825,0.101606672398902,0.230478829422613,0.0618251687519912,0.270260333069524,0.166042750910758
6632400,4,41.585,-106.223,0.0185258760526721,0.164099020423756,-0.0182544475619649,0.200879344038393,0.0913124482382141
7208500,4,36.372,-104.97,0.027127269910051,0.120623518145871,-0.0195495975265288,0.167300385582451,0.073875394027961
8267500,4,36.542,-105.556,0.0277154727392891,0.117559290078245,-0.0207787344223296,0.166053497239864,0.0726373814087672
8269000,4,36.439,-105.504,0.0144125675522476,0.0895068282392146,-0.0383167143460667,0.142236110137529,0.0519596978957311
8324000,4,35.662,-106.743,0.0124820450568208,0.0765807717500037,-0.04353446710155,0.132597283908374,0.0445314084034122
8377900,4,35.777,-105.658,-0.0225575471430949,0.0926301748827191,-0.0652105688849274,0.135283196624552,0.0350363138698121
8378500,4,35.708,-105.683,0.0346631426327462,0.120202434584254,-0.0148040843223573,0.169669661539358,0.0774327886085003
8380500,4,35.652,-105.319,0.00739713787624219,0.0754175958387113,-0.0472005950344183,0.130015328749372,0.0414073668574768
9035800,4,39.801,-106.026,0.0335536236630997,0.124431919395627,-0.0147657183079096,0.172751261366636,0.0789927715293633
9035900,4,39.796,-106.031,0.0940372350574052,0.154272226884217,0.0378774119953567,0.210432049946266,0.124154730970811
9065500,4,39.626,-106.278,0.0841319261126464,0.143066495221479,0.0263733515572054,0.20082506977692,0.113599210667063
9066000,4,39.596,-106.265,0.0753348235677278,0.151974405794385,0.0230584400430985,0.204250789319015,0.113654614681057
9066200,4,39.648,-106.323,0.0541276791204723,0.152328318147392,0.00777291321460127,0.198683084053263,0.103227998633932
9066300,4,39.646,-106.382,0.062979970582121,0.133784868752913,0.00905727223126722,0.187707567103767,0.0983824196675169
9081600,4,39.232,-107.227,0.0653244793785533,0.273115431539731,0.0368490865949116,0.301590824323372,0.169219955459142
9107000,4,38.86,-106.567,0.103462817040669,0.202334096179395,0.0573669542511153,0.248429958968949,0.152898456610032
9210500,4,42.096,-110.417,-0.0461147922118832,0.0571295648951622,-0.0911269686954677,0.102141741378747,0.0055073863416395
9223000,4,42.11,-110.71,0.0290200704213174,0.159021037314097,-0.0106879808041534,0.198729088539568,0.0940205538677074
9312600,4,39.876,-111.037,-0.0169181364476579,0.119999386424164,-0.0551012085248647,0.158182458501371,0.0515406249882533
9352900,4,37.478,-107.544,0.117680145993621,0.242535033300107,0.077844716111904,0.282370463181824,0.180107589646864
9378170,4,37.847,-109.37,-0.196673468546027,-0.0285315576587106,-0.22656286052264,0.00135783431790258,-0.112602513102369
9386900,4,35.283,-108.553,0.0137505921008144,0.154109386387302,-0.022334109660088,0.190194088148204,0.083929989244058
9404450,4,37.339,-112.604,-0.0204121861154931,0.123927021573235,-0.0574348243495891,0.160949659807331,0.051757417728871
9492400,4,33.822,-109.815,0.0423000268889149,0.140587381156142,-0.00416522365124117,0.187052631696298,0.0914437040225287
9494000,4,33.736,-110.167,-0.0149005649864539,0.119159285158511,-0.0537892812356234,0.15804800140768,0.0521293600860284
9505200,4,34.675,-111.672,-0.0695345807875011,0.0504005846414867,-0.110886715418915,0.0917527192729005,-0.0095669980730072
9505350,4,34.729,-111.776,-0.050053493776486,0.0574180500110944,-0.0943632400454924,0.101727796280101,0.00368227811730421
9505800,4,34.539,-111.694,-0.0297281631353422,0.0613871945900786,-0.0779853662867333,0.10964439774147,0.0158295157273682
10234500,4,38.281,-112.568,0.0287456896528595,0.139151062999182,-0.0149707987344384,0.18286755138648,0.0839483763260208
10343500,4,39.432,-120.238,-0.207393087505768,0.195026602176322,-0.223123045553797,0.210756560224351,-0.00618324266472287
11143000,4,36.246,-121.773,-0.11030176831014,0.0158910194675481,-0.148562874367986,0.0541521255253944,-0.0472053744212959
11162500,4,37.261,-122.329,-0.053799847089038,0.105508361580377,-0.0884468662935506,0.14015538078489,0.0258542572456696
11264500,4,37.732,-119.559,0.0310228923803998,0.164873304477217,-0.00741892910602593,0.203315125963643,0.0979480984288086
11266500,4,37.717,-119.666,0.0417584170908796,0.173884536039492,0.00335084291666154,0.21229211021371,0.107821476565186
11284400,4,37.842,-120.185,0.0286850271298113,0.143571368099449,-0.0114959394373556,0.183752334666616,0.0861281976146303
11451100,4,39.165,-122.62,-0.145161860829197,0.0421137047360606,-0.175426415067655,0.0723782589745187,-0.0515240780465683
12375900,4,47.492,-114.027,0.120792368538772,0.344889210564759,0.0943530322888977,0.371328546814633,0.232840789551765
13011500,4,43.85,-110.518,0.162671234756587,0.251115246141627,0.114725596041543,0.299060884856671,0.206893240449107
13011900,4,43.838,-110.441,0.174520713952247,0.234909929240982,0.11729212813356,0.292138515059669,0.204715321596614
13023000,4,43.143,-110.977,0.154806753405425,0.236469449334567,0.104296724842848,0.286979477897143,0.195638101369996
13161500,4,41.933,-115.675,-0.0332435563300037,0.073603499305502,-0.0777139763097992,0.118073919285298,0.0201799714877492
13235000,4,44.085,-115.622,0.00861936816469262,0.214016406215969,-0.0193589216935983,0.24199469607426,0.111317887190331
6332515,5,47.787,-102.769,-0.00187369360437426,0.000849438012388203,-0.00320605249232451,0.00218179690033845,-0.000512127795993028
6339100,5,47.236,-102.77,-0.0011987652441274,0.00065465935198349,-0.0028161488149093,0.00227204292276539,-0.000272052946071953
6339500,5,47.154,-102.06,-0.000950859988404598,0.000708814022911673,-0.0026323070583469,0.00239026109285397,-0.000121022982746462
6344600,5,47.028,-103.053,0.000101832652193759,0.00202109255081169,-0.00147517207943939,0.00359809728244484,0.00106146260150273
6350000,5,46.427,-102.552,-0.0013597713979845,0.000613660811774164,-0.00293844061189435,0.00219233002568401,-0.000373055293105167
6352000,5,46.154,-102.474,0.000193556453725699,0.00201183465775325,-0.00141325024138733,0.00361864135286628,0.00110269555573947
6353000,5,46.092,-101.334,-7.59105186888708e-05,0.00150323502806919,-0.00177681465308628,0.0032041391624666,0.00071366225469016
6354000,5,46.376,-100.934,-0.000666104257895616,0.000870295013619026,-0.00239005048149347,0.00259424123721688,0.000102095377861705
6360500,5,45.256,-100.843,-0.00074895649572778,0.000791793592775439,-0.00247140180099409,0.00251423889804174,2.14185485238293e-05
6440200,5,43.969,-101.767,-0.00408629886371975,0.000107418458295079,-0.00511608764279013,0.00113720723736546,-0.00198944020271234
6441500,5,44.327,-100.384,-0.00200990153690117,-8.027470701392e-05,-0.00358284495587774,0.00149266871196265,-0.00104508812195754
6447000,5,43.753,-101.525,-0.000439371491395904,0.00176082504805248,-0.00195015568597708,0.00327160924263365,0.000660726778328289
6450500,5,43.601,-100.75,-0.000624227291946395,0.00209559066660129,-0.00196202612204624,0.00343338949670113,0.000735681687327449
6452000,5,43.748,-99.556,-0.000415870574045069,0.00178307404153698,-0.00192916470399005,0.00329636817148196,0.000683601733745956
6453600,5,42.811,-98.176,-0.000564497308750546,0.00180336588059445,-0.00203046275473326,0.00326933132657717,0.000619434285921953
6464500,5,43.029,-99.781,0.000220280147375068,0.00280807063892234,-0.00116203336162177,0.00419038414791918,0.0015141753931487
6910800,5,38.567,-95.962,-0.000971736585026054,0.0021172534453793,-0.00225225407953809,0.00339777093989134,0.000572758430176625
6911900,5,38.711,-95.836,-0.00165759069716485,0.00116584399227763,-0.00300426886048136,0.00251252215559414,-0.000245873352443608
7148400,5,36.815,-98.648,0.00124623937200535,0.00240584460580574,-0.000562790451824801,0.00421487442963588,0.00182604198890554
7149000,5,37.039,-98.47,-7.52475022859562e-05,0.00189811316130722,-0.00165649852697089,0.00347936418599215,0.000911432829510631
7167500,5,37.708,-96.224,-0.000515618942709071,0.001567425144093,-0.00205863058564345,0.00311043678702738,0.000525903100691963
7180500,5,38.196,-96.825,-0.00137664738153985,0.00151991373929442,-0.00270646918447161,0.00284973554222619,7.16331788772877e-05
7226500,5,35.438,-103.526,-0.00309934400312817,0.00847249122687522,-0.0035580501450206,0.00893119736876765,0.00268657361187353
7299670,5,34.355,-99.74,0.00153061215204266,0.00424920613841938,0.000283419462296974,0.00549639882816507,0.00288990914523102
7301410,5,35.473,-100.121,-0.000309007872261921,0.0023143060656932,-0.00170663416483503,0.0037119323582663,0.00100264909671564
7301500,5,35.168,-99.507,0.000325606503094582,0.00289019269117761,-0.00108745505441837,0.00430325424869056,0.00160789959713609
7315200,5,33.813,-98.085,-0.00146862396593689,0.00115126192876316,-0.00286504179024295,0.00254767975306922,-0.000158681018586865
7315700,5,34.004,-97.567,0.000566180178459692,0.00256859370804378,-0.000853797582482203,0.00398857146898567,0.00156738694325173
8082700,5,33.329,-99.465,-0.00245151123797869,0.000696629521217475,-0.00371281554190196,0.00195793382514075,-0.000877440858380606
8086212,5,32.733,-99.141,-0.00247749222402591,0.000356814727854174,-0.00376791280350693,0.00164723530733519,-0.00106033874808587
8086290,5,32.648,-99.005,-0.00143339433541288,0.000708356118035928,-0.0029579127660098,0.00223287454863285,-0.000362519108688477
8101000,5,31.285,-97.885,0.000951391476669727,0.0025349850145954,-0.00069526903491712,0.00418164552618224,0.00174318824563256
8103900,5,30.912,-98.037,0.00118862302948886,0.00279624600477669,-0.000431369561758838,0.00441623859602439,0.00199243451713277
8104900,5,30.626,-97.691,-0.00116041088076833,0.0010269412326743,-0.00267087611844854,0.00253740647035451,-6.67348240470135e-05
8109700,5,30.339,-96.905,0.000981006191499472,0.00341893841853848,-0.000463876100045216,0.00486382071008317,0.00219997230501898
8150800,5,30.644,-99.096,0.000854645566553974,0.00386566827951777,-0.000435057648519869,0.00515537149459161,0.00236015692303587
8158700,5,30.083,-98.008,0.00149709544262707,0.00368908825808386,9.91092317407863e-05,0.00508707446897014,0.00259309185035546
8164300,5,29.467,-96.813,-0.00148343112700962,0.00225478923063436,-0.00263162972614752,0.00340298782977226,0.00038567905181237
8165300,5,30.064,-99.387,0.0020200167218069,0.00549210595583711,0.00127476782370057,0.00623735485394344,0.00375606133882201
8171300,5,29.979,-97.91,0.00162451644268016,0.00331093881754466,-4.78009467581933e-05,0.00498325620698302,0.00246772763011241
8175000,5,29.215,-97.449,-0.00086075624160875,0.00200740759928433,-0.00218543773048106,0.00333208908815665,0.000573325678837791
8178880,5,29.724,-99.07,0.00196422731641695,0.00353228623599168,0.000270139575603769,0.00522637397680486,0.00274825677620432
8189500,5,28.292,-97.279,-0.00250282785572113,0.00329791413433617,-0.00334850825409399,0.00414359453270904,0.000397543139307522
8190000,5,29.429,-99.997,0.00139368815437827,0.00328854167049423,-0.00019988941157668,0.00488211923644918,0.00234111491243625
8190500,5,29.473,-100.236,0.00178786751405674,0.00382855589691061,0.000227162361500171,0.00538926104946718,0.00280821170548368
8194200,5,27.965,-98.967,-0.00309569536797691,0.00191067371171975,-0.00403755010179044,0.00285252844553328,-0.000592510828128582
8195000,5,29.489,-99.705,0.00205752895322672,0.00434523802530965,0.00059782728001592,0.00580493969852045,0.00320138348926819
8200000,5,29.57,-99.247,-0.00290378057080821,0.000725671764354353,-0.0040187777614682,0.00184066895501434,-0.00108905440322693
8202700,5,29.371,-99.288,0.000209095928164322,0.00170655935307701,-0.00152511054119351,0.00344076582243484,0.000957827640620666
11124500,5,34.597,-119.909,-0.0114569537088387,0.00871819121771535,-0.011729249465734,0.00899048697461069,-0.00136938124556167
11176400,5,37.561,-121.684,-0.00328217366462877,0.00439904922879458,-0.00395393535066907,0.00507081091483488,0.000558437782082906
1487000,6,38.728,-75.562,0.013046388186044,0.0568174386650368,-0.00797682541550551,0.0778406522665863,0.0349319134255404
1491000,6,38.997,-75.786,0.00234629212165224,0.0427076691545053,-0.0191625468884655,0.0642165081646231,0.0225269806380788
2053200,6,36.371,-77.026,0.00322668518508607,0.0399825734811169,-0.0196244509684228,0.0628337096346258,0.0216046293331015
2296500,6,27.375,-81.796,-0.00227449313523255,0.0461083078760315,-0.0221576668664387,0.0659914816072377,0.0219169073703995
2297310,6,27.199,-81.988,0.0147988774013918,0.0517089496021337,-0.00790027952372367,0.0744081065272492,0.0332539135017628
2298123,6,27.052,-81.785,-0.0365143281737497,0.0156237078787861,-0.0555344639979288,0.0346438437029651,-0.0104453101474818
2298608,6,27.344,-82.157,-0.00799497002202914,0.0353952382863452,-0.0290174578510695,0.0564177261153856,0.013700134132158
2299950,6,27.474,-82.211,-0.00907707390442154,0.146388987087091,-0.0173213357218959,0.154633248904565,0.0686559565913347
3238500,6,38.858,-83.929,0.00886487349470007,0.0378660589452393,-0.0162508961980354,0.0629818286379747,0.0233654662199697
3241500,6,39.723,-83.883,-0.0158147525413439,0.021733003021385,-0.038395997476785,0.0443142479568261,0.00295912524002058
3291780,6,38.878,-85.257,-0.0382698889945534,0.0265331210044873,-0.0544715641255044,0.0427347961354382,-0.00586838399503307
3338780,6,40.265,-87.643,-0.0130833925055643,0.024992575708159,-0.035569149463551,0.0474783326661457,0.00595459160129733
3340800,6,39.813,-86.954,-0.00628020387197854,0.0192285951061241,-0.0325498155544484,0.045498206788594,0.0064741956170728
3346000,6,39.01,-87.946,-0.0211894694616021,0.00794725782948916,-0.046220246040965,0.0329780344088521,-0.00662110581605646
3366500,6,38.804,-85.674,-0.00311806022055101,0.0410214460862608,-0.0240469751720387,0.0619503610377485,0.0189516929328549
4115265,6,43.25,-84.981,0.0109737849531513,0.0675060712080284,-0.00550071847105709,0.0839805746322367,0.0392399280805898
4185000,6,41.505,-84.43,0.0153282294335571,0.0429551458142662,-0.00990258976361082,0.0681859650114341,0.0291416876239116
4196800,6,40.923,-83.349,-0.000524638197524383,0.0261276428451636,-0.0263720997345956,0.0519751043822347,0.0128015023238196
4197100,6,41.022,-83.11,-0.0061441078868706,0.0181581867255575,-0.0328493326902606,0.0448634115289475,0.00600703941934347
4197170,6,41.114,-83.168,-0.0137425570998418,0.0153490871967853,-0.0388484959395056,0.0404550260364491,0.00080326504847178
5057200,6,47.229,-98.125,-0.017015647588197,0.0105871930800064,-0.0282614198596,0.0218329653514094,-0.00321422725409531
5062500,6,47.267,-96.245,0.0572666030167231,0.132357908732864,0.0444389958740213,0.145185515875566,0.0948122558747935
5120500,6,48.138,-100.54,-0.00541350891238547,0.0371776073631233,-0.026557132836707,0.0583212312874448,0.0158820492253689
5123400,6,48.589,-100.442,-0.00417174501193347,0.0362676722306632,-0.0258535332859298,0.0579494605046595,0.0160479636093649
5291000,6,45.292,-96.488,-0.0533582818244771,0.0121171663935395,-0.0697697034486544,0.0285285880177168,-0.0206205577154688
5399500,6,44.822,-90.08,-0.0022134165669193,0.0424742981759516,-0.0229266625961439,0.0631875442051762,0.0201304408045161
5414000,6,42.731,-90.64,0.0127119274664544,0.0575906450792287,-0.00709421648665316,0.0773967890323363,0.0351512862728416
5444000,6,41.903,-89.696,-0.000128743805083964,0.029453144830964,-0.0250277414300769,0.0543521424559569,0.01466220051294
5458000,6,43.033,-92.504,0.0281297092083073,0.0605463457041726,0.00422014857030126,0.0844559063421787,0.04433802745624
5466500,6,41.187,-90.967,0.0100857694793807,0.0294616080865412,-0.0181965685844302,0.0577439461503521,0.019773688782961
5487980,6,41.247,-93.266,0.000625599436593675,0.0231006015127599,-0.0267157338738744,0.0504419348232279,0.0118631004746768
5488200,6,41.301,-93.045,0.00925447577990912,0.0327179875008619,-0.0177400457334648,0.0597125090142358,0.0209862316403855
5489000,6,41.219,-92.909,0.00912594392923908,0.0316162244024925,-0.0181846610672865,0.0589268293990181,0.0203710841658658
5495000,6,40.392,-91.598,0.011391471480559,0.0328463463538962,-0.0159123067248451,0.0601501245593003,0.0221189089172276
5501000,6,39.818,-91.518,-0.00155335458948357,0.0173965585717147,-0.0301279982881974,0.0459712022704285,0.00792160199111556
5503800,6,39.585,-91.993,-0.0161514110203601,0.00606836730732659,-0.043561941205131,0.0334788974920975,-0.00504152185651674
5507600,6,39.431,-91.676,-0.019045828641576,0.00638256589292609,-0.0453325787607438,0.032669316012094,-0.00633163137432494
5508805,6,39.52,-91.343,-0.0198909886256577,0.00339438050857523,-0.0468814564682924,0.0303848483512099,-0.00824830405854121
5514500,6,39.009,-90.978,-0.00749847253990325,0.0124841476415614,-0.0357377190711158,0.0407233941727739,0.00249283755082907
5525500,6,40.63,-87.724,0.0126662902265771,0.0387580129829939,-0.0129793642404278,0.0644036674499988,0.0257121516047855
5556500,6,41.366,-89.498,-0.000980137791158651,0.0248351021036388,-0.0271691652731945,0.0510241295856746,0.0119274821562401
5584500,6,40.33,-90.896,0.00629557398943384,0.0204763852967841,-0.0240317142244101,0.0508036735106281,0.013385979643109
5585000,6,40.025,-90.632,-0.00752750559129342,0.0146987290592217,-0.0349506935940977,0.042121917062026,0.00358561173396414
5591550,6,39.507,-88.528,-0.00983141487124733,0.0339112313949135,-0.0307685075632654,0.0548483240869316,0.0120399082618331
5592575,6,38.937,-88.953,-0.000914009330837687,0.0235033663480228,-0.0274654974906438,0.0500548545078289,0.0112946785085926
5593575,6,38.442,-89.417,-0.0383297841379576,0.00456823689788243,-0.0593215793655736,0.0255600321254984,-0.0168807736200376
5593900,6,39.149,-89.352,-0.000408214810389856,0.021432219061081,-0.0278752920918184,0.0488992963425096,0.0105120021253456
5595730,6,38.254,-89.04,-0.00867798820459947,0.012839917945555,-0.0363591642962066,0.0405210940371621,0.00208096487047776
6468170,6,47.558,-98.863,-0.00144903330221592,0.0296603707741819,-0.0257826993877379,0.0539940368597039,0.014105668735983
6468250,6,47.4,-98.798,0.00120561429696254,0.0323881320298519,-0.0230375913864982,0.0566313377133126,0.0167968731634072
6477500,6,43.776,-98.246,-0.019665027161547,0.0163209529919568,-0.0427301702408398,0.0393860960712497,-0.00167203708479507
6479215,6,45.181,-97.186,-0.00195482355155918,0.0253866147376389,-0.0275237176562494,0.0509555088423292,0.0117158955930399
6601000,6,42.322,-96.488,0.00765839992026352,0.0609480015769416,-0.0105650223299428,0.079171423827148,0.0343032007486026
6803530,6,41.016,-96.544,-0.00208070409107097,0.0238402669842104,-0.0281332587673671,0.0498928216605065,0.0108797814465697
6814000,6,39.948,-96.109,-0.0218406743438271,0.00234197065156313,-0.0485018217968314,0.0290031181045674,-0.009749351846132
6847900,6,39.77,-100.101,-0.0234837173420898,0.0168312501584726,-0.0453721828415829,0.0387197156579657,-0.00332623359180861
6853800,6,39.899,-98.25,-0.0109061682990959,0.0146319319842596,-0.0371884454604343,0.040914209145598,0.00186288184258188
6876700,6,39.139,-97.837,-0.0138951357469284,0.0139901360573433,-0.0394062000516831,0.0395012003620981,4.75001552074847e-05
6878000,6,39.031,-97.04,-0.000938740960088055,0.0336108336520268,-0.0242065570558989,0.0568786497478377,0.0163360463459694
6885500,6,39.682,-96.443,-0.0151870836214668,0.00830312105784958,-0.0421629311600415,0.0352789685964244,-0.00344198128180859
6892000,6,39.116,-95.011,-0.00460929256452433,0.0185000971012098,-0.0316849913493034,0.0455757958859888,0.00694540226834271
6903400,6,40.952,-93.26,-0.0131619178957674,0.00898656320447025,-0.040451327918467,0.0362759732271698,-0.00208767734564858
7145700,6,37.25,-97.404,-0.0440045507841249,-0.00203449600421772,-0.0651115053585906,0.019072458570248,-0.0230195233941713
7151500,6,37.129,-97.601,-0.00340830803715702,0.0213807767733642,-0.02992812908532,0.0479005978215271,0.00898623436810359
8164000,6,28.96,-96.686,-0.0328890995432259,0.05019260334114,-0.0468953724910298,0.0641988762889439,0.00865175189895703
8176900,6,28.862,-97.226,-0.0398467374333824,0.0270350372962319,-0.0561918355636774,0.043380135426527,-0.00640585006857521
1411300,7,39.307,-74.821,0.0124880924193586,0.079174099183098,-0.0048283983189213,0.0964905899213778,0.0458310958012283
1580000,7,39.63,-76.403,0.049949145125696,0.0810234263131529,0.0233462239289869,0.107626347509862,0.0654862857194245
1586610,7,39.452,-76.955,0.0333032377827038,0.0857728438559268,0.0123503871632015,0.106725694475429,0.0595380408193153
1591400,7,39.256,-77.051,0.0244880530215529,0.0569706664337212,-0.00135208329233125,0.0828108027476054,0.0407293597276371
1632900,7,38.693,-78.643,-0.0606439422430654,0.0488990924474461,-0.0731249894209175,0.0613801396252982,-0.00587242489780963
1638480,7,39.255,-77.576,0.0345387837234123,0.0670422478507248,0.00895281137291029,0.0926282202012269,0.0507905157870686
1639500,7,39.612,-77.237,0.0300965352867585,0.0669005249585408,0.00517413098256847,0.0918229292627309,0.0484985301226497
1644000,7,39.02,-77.577,-0.00495526410190851,0.025862778784291,-0.0316836345151672,0.0525911491975497,0.0104537573411913
1664000,7,38.531,-77.814,0.0188259747157637,0.0493419776080954,-0.00787470692285826,0.0760426592467173,0.0340839761619295
1666500,7,38.325,-78.096,0.0210638966342312,0.0536046557431006,-0.00498914408454578,0.0796576964618776,0.0373342761886659
1667500,7,38.35,-77.975,0.0245583663837179,0.0515103143399298,-0.00324979517708163,0.0793184759007294,0.0380343403618239
1669520,7,37.634,-76.696,0.016070130018067,0.0622422402422874,-0.00614548335734096,0.0844578536176954,0.0391561851301772
2046000,7,37.067,-77.602,0.0224034125736054,0.04838395235714,-0.00580435195095377,0.0765917168816992,0.0353936824653727
2051000,7,36.997,-78.35,0.0242804879726137,0.0484518704200396,-0.00467634810331956,0.0774087064959729,0.0363661791963267
2051500,7,36.717,-77.832,0.0165698943446922,0.0366907564327918,-0.013855511724033,0.0671161625015171,0.026630325388742
2056900,7,37.045,-79.844,0.032406265926948,0.0671566814153506,0.00718335697309987,0.0923795903691987,0.0497814736711493
2059500,7,37.173,-79.52,0.0313803988556982,0.0607530983773613,0.00418865205198177,0.0879448451810777,0.0460667486165297
2064000,7,37.127,-78.96,0.0364424404853218,0.062649931075622,0.00835063379583082,0.0907417377651129,0.0495461857804719
2065500,7,37.079,-78.764,0.0411462473750371,0.0683509825006429,0.01366091290216,0.09583631697352,0.05474861493784
2074500,7,36.62,-79.504,0.0480547886152289,0.0697009848426971,0.0181930022793732,0.0995627711785529,0.058877886728963
2081500,7,36.194,-78.583,0.00648766704972699,0.0378924774796786,-0.0200571685036776,0.0644373130330832,0.0221900722647028
2082950,7,36.183,-77.876,0.0261899292965576,0.0486661064895511,-0.00289081036652385,0.0777468461526326,0.0374280178930544
2096846,7,35.987,-79.206,0.011324299762977,0.0354276106575329,-0.0175800854581495,0.0643319958786594,0.023375955210255
2102908,7,35.183,-79.178,0.0402377200681831,0.0701090751682689,0.0140849738868552,0.0962618213495967,0.055173397618226
2108000,7,34.829,-77.832,0.0172545814071507,0.0571310952918596,-0.00671634674191866,0.081102023440929,0.0371928383495052
2112360,7,36.311,-80.807,0.0841647840523432,0.125710908248655,0.0605555726914707,0.149320119609528,0.104937846150499
2118500,7,36.001,-80.746,0.0741988417313966,0.101955477518768,0.0464820915827388,0.129672227667426,0.0880771596250824
2125000,7,35.335,-80.336,0.00664076411573987,0.0295451290645393,-0.0226935041536638,0.058879397333943,0.0180929465901396
2128000,7,35.387,-79.831,0.00806777251215214,0.0400483670509488,-0.0182485037934781,0.0663646433565791,0.0240580697815505
2193340,7,33.683,-82.858,0.0101432128574049,0.0519433340402632,-0.0133952117521493,0.0754817586498173,0.031043273448834
2196000,7,33.729,-82.182,0.0344054707642443,0.0875936508077597,0.0139854588019128,0.108013662770091,0.060999560786002
2198100,7,32.938,-81.815,0.025190958505813,0.0634710274362785,0.00122764839503817,0.0874343375470534,0.0443309929710458
2212600,7,33.1,-83.724,0.0285599154428886,0.0656440617469501,0.00418450574395249,0.0900194714458862,0.0471019885949193
2215100,7,32.239,-83.502,0.007195459562672,0.0461105702930465,-0.0171299789989791,0.0704360088546976,0.0266530149278592
2216180,7,31.991,-82.922,-0.00487330226898432,0.0302263685553521,-0.0302445316633747,0.0555975979497425,0.0126765331431839
2221525,7,33.252,-83.481,0.0146959201177864,0.0429957074705598,-0.0128323215341228,0.070523949122469,0.0288458137941731
2235200,7,28.875,-81.489,-0.957901567210795,0.793078659431382,-0.958779054489029,0.793956146709617,-0.0824114538897063
2245500,7,29.979,-81.852,-0.0126676383787761,0.0599283105953422,-0.0298097705093367,0.0770704427259028,0.0236303361082831
2246000,7,30.113,-81.906,0.0711954865905647,0.136599955171936,0.0550420012543443,0.152753440508156,0.10389772088125
2342933,7,32.018,-85.296,0.0164745278362693,0.0574133614013045,-0.00614328419579611,0.0800311734333699,0.0369439446187869
2349900,7,32.196,-83.902,-0.0100571836175169,0.0368126535830068,-0.0322228781048643,0.0589783480703541,0.0133777349827449
2350900,7,31.764,-84.253,0.0445234944689388,0.07194129132408,0.0169043139454178,0.0995604718476011,0.0582323928965094
2361000,7,31.343,-85.61,0.0509760652909849,0.0769750168258036,0.0226602963088364,0.105290785807952,0.0639755410583943
2363000,7,31.595,-85.783,0.0501926024492911,0.0809026220935204,0.0236898602962791,0.107405364246532,0.0655476122714058
2369800,7,31.028,-86.71,0.0860569249927232,0.129883954596861,0.0633409455860019,0.152599934003582,0.107970439794792
2372250,7,31.596,-86.406,0.0701278225188198,0.0917741034703021,0.0402632763617881,0.121638649627334,0.0809509629945609
2395120,7,34.243,-84.89,0.0534180200771901,0.0893561732524953,0.0282859213356925,0.114488271993993,0.0713870966648427
2408540,7,32.917,-86.27,0.0689446228566278,0.0951796756726439,0.0408019236030222,0.123322374926249,0.0820621492646358
2415000,7,33.067,-85.879,0.092283316499093,0.118145526473136,0.0640342829272754,0.146394560044954,0.105214421486115
2427250,7,31.996,-87.068,0.0674304477442908,0.0937628173851014,0.0394281005389844,0.121765164590408,0.0805966325646961
2430085,7,34.467,-88.284,0.0732631936764394,0.100774046117119,0.0455603723946565,0.128476867398902,0.0870186198967794
2464000,7,33.479,-87.597,0.0615729852140212,0.0820993950053413,0.0314198081649016,0.112252572054461,0.0718361901096813
2464146,7,33.413,-87.511,0.0523410136651928,0.079423871847009,0.0244968934829286,0.107267992029273,0.0658824427561009
2464360,7,33.425,-87.643,0.0602162121337272,0.077913423727091,0.0288627000225743,0.109266935838244,0.0690648179304091
2469800,7,31.744,-88.023,0.0765392625256255,0.113107092570977,0.051741296435847,0.137905058660756,0.0948231775483014
2472000,7,31.707,-89.407,0.0545826044270236,0.099068076913144,0.0317651244712407,0.121885556868927,0.0768253406700838
2472500,7,31.426,-89.415,0.0717149523346665,0.0989357856747477,0.0441073767281133,0.126543361281301,0.0853253690047071
2479155,7,31.025,-89.017,0.071133785179992,0.0973041053180957,0.0435314981962174,0.12490639230187,0.0842189452490439
2479300,7,30.736,-88.781,0.0990940394565717,0.133608806411762,0.0736713210212165,0.159031524847117,0.116351422934167
2479560,7,30.809,-88.459,0.0892392617139259,0.115335910589535,0.0614540860021096,0.143121086301351,0.102287586151731
2481000,7,30.559,-89.122,0.0965802208475283,0.126635589066104,0.0696431366075383,0.153572673306094,0.111607904956816
2481510,7,30.484,-89.274,0.0970048678657072,0.129078246511757,0.0708347870121121,0.155248327365352,0.113041557188732
3140000,7,40.363,-81.862,0.00565510204873897,0.0429660284603572,-0.0189998495232388,0.067620980032335,0.0243105652545481
3144000,7,40.133,-82.148,0.00792285643834596,0.0462753481104915,-0.0165117288496983,0.0707099333985358,0.0270991022744187
3237500,7,38.804,-83.421,-0.0116950215760528,0.0241599466223945,-0.0368199495401993,0.049284874586541,0.00623246252317085
3285000,7,37.642,-84.661,0.0104644759882937,0.0485530257704929,-0.0140920290430021,0.0731095308017887,0.0295087508793933
3300400,7,37.833,-85.296,0.009661771031333,0.0458272610462743,-0.0152974858014632,0.0707865178790705,0.0277445160388036
3384450,7,37.472,-88.547,-0.0313088405908535,0.00360456839227678,-0.0562658610004226,0.0285615888018459,-0.0138521360992883
3592718,7,34.836,-88.288,0.0698958138326115,0.0948200161729025,0.0413625668217468,0.123353263183767,0.082357915002757
3604000,7,35.496,-87.833,0.0763666732935903,0.105077403811738,0.0489563545138688,0.13248772259146,0.0907220385526643
5408000,7,43.574,-90.643,0.0542830428647146,0.101962218248679,0.032415820264083,0.12382944084931,0.0781226305566966
6888500,7,39.063,-96.15,-0.0969609232952763,-0.0220415306045909,-0.112960321048483,-0.00604213285138451,-0.0595012269499336
6906800,7,38.702,-92.979,-0.0385131582189376,-0.00558588594452054,-0.0643616863324507,0.0202626421689926,-0.0220495220817291
6917000,7,38.019,-94.714,-0.0442268219043934,-0.0095314681913803,-0.0694394412585567,0.015681151162783,-0.0268791450478868
6918460,7,37.402,-93.802,0.0260421045646586,0.0543523040433909,-0.00111501202080618,0.0815094206288557,0.0401972043040248
6919500,7,37.834,-93.875,0.0171932934060422,0.0413816005462784,-0.0116042787963507,0.0701791727486713,0.0292874469761603
6921070,7,37.683,-93.37,0.0180300010068849,0.0471399398721027,-0.0091508134432168,0.0743207543222045,0.0325849704394938
6921200,7,37.75,-93.266,0.00331913245932433,0.0298435826618805,-0.0247975917382937,0.0579603068594986,0.0165813575606024
6934000,7,38.389,-91.82,0.0261249858998102,0.0491925870406757,-0.00321921582335139,0.0785367887638374,0.037658786470243
7014500,7,38.159,-91.108,-0.00834643035520917,0.028656958401014,-0.0328052379723207,0.0531157660181255,0.0101552640229024
7057500,7,36.623,-92.248,0.0444364471163191,0.0651933909591595,0.0143976202921374,0.0952322177833412,0.0548149190377393
7066000,7,37.154,-91.358,0.0433367113844316,0.0833612445489462,0.0193974487609773,0.1073005071724,0.0633489779666889
7071500,7,36.649,-91.201,0.0512988682410889,0.0849909507239655,0.0257583975798477,0.110531421385207,0.0681449094825272
7184000,7,37.281,-95.033,-0.0127632504207848,0.0274168578181003,-0.0367196387154466,0.0513732461127621,0.00732680369865771
7195800,7,36.255,-94.434,0.0290832249734254,0.0571376333296165,0.00153485086521003,0.0846860074378319,0.0431104291515209
7196900,7,35.88,-94.487,0.0337252472739193,0.0617912747535391,0.00613014183315209,0.0893863801943063,0.0477582610137292
7197000,7,35.921,-94.839,0.0277002615965159,0.0553844372091467,-3.38199471758976e-05,0.0831185187528385,0.0415423494028313
7263295,7,34.876,-92.775,-0.0172965268732908,0.0134985921987048,-0.0437728057719671,0.0399748710973811,-0.001898967337293
7290650,7,32.018,-90.877,0.0774149498970395,0.106255913488116,0.0508619750530438,0.132808888332112,0.091835431692578
7291000,7,31.503,-90.778,0.0812171938770246,0.108925355497663,0.0539797534774744,0.136162795897213,0.0950712746873438
7292500,7,31.325,-91.109,0.07934119871449,0.107149337936405,0.0520340004011465,0.134456536249748,0.0932452683254473
7295000,7,31.227,-91.296,0.0833358920409262,0.119385007483563,0.0582501460227475,0.144470753501742,0.101360449762245
7335700,7,34.638,-94.613,0.0238126995067747,0.0818006712757803,0.0041540824442588,0.101459288338296,0.0528066853912775
7346045,7,32.778,-94.357,-0.0190535294414228,0.0128596925268582,-0.0454088501430645,0.0392150132284999,-0.0030969184572823
7359610,7,34.383,-93.606,0.0571450126059903,0.0860680272872727,0.0303400513008502,0.112872988592413,0.0716065199466315
7362100,7,33.376,-92.777,0.00031766865039122,0.0425357558373567,-0.0230779905706622,0.0659314150584101,0.021426712243874
7362587,7,34.798,-92.934,-0.00805278098902526,0.0343381451903527,-0.0314409749097139,0.0577263391110414,0.0131426821006637
7375000,7,30.616,-90.249,0.10722729699159,0.142338567802675,0.0819492955155707,0.167616569278695,0.124782932397133
7376000,7,30.504,-90.677,0.100319528957954,0.136169313013702,0.0752964729409173,0.161192369030739,0.118244420985828
8013000,7,30.996,-92.674,0.0485142935504159,0.0868301280952037,0.0242990177751584,0.111045403870461,0.0676722108228098
8014500,7,30.699,-92.893,0.0549449516157049,0.106099767454387,0.0339198148893194,0.127124904180773,0.080522359535046
8025500,7,31.307,-93.516,0.0350201353424038,0.0728810390754862,0.0108653020645832,0.0970358723533067,0.053950587208945
8066300,7,30.481,-94.78,-0.0164836654506693,0.0288495722521018,-0.0391130039740198,0.0514789107754523,0.00618295340071623
8070000,7,30.337,-95.104,-0.0311625101578759,0.0252686374232733,-0.0512566184324246,0.0453627456978221,-0.00294693636730128
8070200,7,30.145,-95.124,-0.0311625101578759,0.0252686374232733,-0.0512566184324246,0.0453627456978221,-0.00294693636730128
